id,category,resume_text
1,Data Science,"Skills  Programming Languages Python pandas numpy scipy scikitlearn matplotlib Sql Java JavaScriptJQuery  Machine learning Regression SVM Nave Bayes KNN Random Forest Decision Trees Boosting techniques Cluster Analysis Word Embedding Sentiment Analysis Natural Language processing Dimensionality reduction Topic Modelling LDA NMF PCA  Neural Nets  Database Visualizations Mysql SqlServer Cassandra Hbase ElasticSearch D3js DCjs Plotly kibana matplotlib ggplot Tableau  Others Regular Expression HTML CSS Angular 6 Logstash Kafka Python Flask Git Docker computer vision  Open CV and understanding of Deep learningEducation Details 

Data Science Assurance Associate 

Data Science Assurance Associate  Ernst  Young LLP
Skill Details 
JAVASCRIPT Exprience  24 months
jQuery Exprience  24 months
Python Exprience  24 monthsCompany Details 
company  Ernst  Young LLP
description  Fraud Investigations and Dispute Services   Assurance
TECHNOLOGY ASSISTED REVIEW
TAR Technology Assisted Review assists in accelerating the review process and run analytics and generate reports
 Core member of a team helped in developing automated review platform tool from scratch for assisting E discovery domain this tool implements predictive coding and topic modelling by automating reviews resulting in reduced labor costs and time spent during the lawyers review
 Understand the end to end flow of the solution doing research and development for classification models predictive analysis and mining of the information present in text data Worked on analyzing the outputs and precision monitoring for the entire tool
 TAR assists in predictive coding topic modelling from the evidence by following EY standards Developed the classifier models in order to identify red flags and fraudrelated issues

Tools  Technologies Python scikitlearn tfidf word2vec doc2vec cosine similarity Nave Bayes LDA NMF for topic modelling Vader and text blob for sentiment analysis Matplot lib Tableau dashboard for reporting

MULTIPLE DATA SCIENCE AND ANALYTIC PROJECTS USA CLIENTS
TEXT ANALYTICS  MOTOR VEHICLE CUSTOMER REVIEW DATA  Received customer feedback survey data for past one year Performed sentiment Positive Negative  Neutral and time series analysis on customer comments across all 4 categories
 Created heat map of terms by survey category based on frequency of words  Extracted Positive and Negative words across all the Survey categories and plotted Word cloud
 Created customized tableau dashboards for effective reporting and visualizations
CHATBOT  Developed a user friendly chatbot for one of our Products which handle simple questions about hours of operation reservation options and so on
 This chat bot serves entire product related questions Giving overview of tool via QA platform and also give recommendation responses so that user question to build chain of relevant answer
 This too has intelligence to build the pipeline of questions as per user requirement and asks the relevant recommended questions

Tools  Technologies Python Natural language processing NLTK spacy topic modelling Sentiment analysis Word Embedding scikitlearn JavaScriptJQuery SqlServer

INFORMATION GOVERNANCE
Organizations to make informed decisions about all of the information they store The integrated Information Governance portfolio synthesizes intelligence across unstructured data sources and facilitates action to ensure organizations are best positioned to counter information risk
 Scan data from multiple sources of formats and parse different file formats extract Meta data information push results for indexing elastic search and created customized interactive dashboards using kibana
 Preforming ROT Analysis on the data which give information of data which helps identify content that is either Redundant Outdated or Trivial
 Preforming fulltext search analysis on elastic search with predefined methods which can tag as PII personally identifiable information social security numbers addresses names etc which frequently targeted during cyberattacks
Tools  Technologies Python Flask Elastic Search Kibana

FRAUD ANALYTIC PLATFORM
Fraud Analytics and investigative platform to review all red flag cases
 FAP is a Fraud Analytics and investigative platform with inbuilt case manager and suite of Analytics for various ERP systems
 It can be used by clients to interrogate their Accounting systems for identifying the anomalies which can be indicators of fraud by running advanced analytics
Tools  Technologies HTML JavaScript SqlServer JQuery CSS Bootstrap Nodejs D3js DCjs"
2,Data Science,"Education Details 
May 2013 to May 2017 BE   UITRGPV
Data Scientist 

Data Scientist  Matelabs
Skill Details 
Python Exprience  Less than 1 year months
Statsmodels Exprience  12 months
AWS Exprience  Less than 1 year months
Machine learning Exprience  Less than 1 year months
Sklearn Exprience  Less than 1 year months
Scipy Exprience  Less than 1 year months
Keras Exprience  Less than 1 year monthsCompany Details 
company  Matelabs
description  ML Platform for business professionals dummies and enthusiasts
60A Koramangala 5th block
AchievementsTasks behind sukh sagar Bengaluru
India                               Developed and deployed auto preprocessing steps of machine learning mainly missing value
treatment outlier detection encoding scaling feature selection and dimensionality reduction
Deployed automated classification and regression model
linkedincominadityarathore
b4600b146                           Reasearch and deployed the time series forecasting model ARIMA SARIMAX Holtwinter and
Prophet
Worked on metafeature extracting problem
githubcomrathorology
Implemented a state of the art research paper on outlier detection for mixed attributes
company  Matelabs
description  "
3,Data Science,"Areas of Interest Deep Learning Control System Design Programming inPython Electric Machinery Web Development Analytics Technical Activities q Hindustan Aeronautics Limited Bangalore  For 4 weeks under the guidance of Mr Satish Senior Engineer in the hangar of Mirage 2000 fighter aircraft Technical Skills Programming Matlab Python and Java LabView Python WebFrameWorkDjango Flask LTSPICEintermediate Languages and and MIPOWERintermediate Github GitBash Jupyter Notebook Xampp MySQLBasics Python Software Packages InterpretersAnaconda Python2 Python3 Pycharm Java IDEEclipse Operating Systems Windows Ubuntu DebianKali Linux Education Details 
January 2019 BTech Electrical and Electronics Engineering  Manipal Institute of Technology
January 2015    DEEKSHA CENTER
January 2013    Little Flower Public School
August 2000    Manipal Academy of Higher
DATA SCIENCE 

DATA SCIENCE AND ELECTRICAL ENTHUSIAST
Skill Details 
Data Analysis Exprience  Less than 1 year months
excel Exprience  Less than 1 year months
Machine Learning Exprience  Less than 1 year months
mathematics Exprience  Less than 1 year months
Python Exprience  Less than 1 year months
Matlab Exprience  Less than 1 year months
Electrical Engineering Exprience  Less than 1 year months
Sql Exprience  Less than 1 year monthsCompany Details 
company  THEMATHCOMPANY
description  I am currently working with a Casino based operatorname not to be disclosed in MacauI need to segment the customers who visit their property based on the value the patrons bring into the companyBasically prove that the segmentation can be done in much better way than the current system which they have with proper numbers to back it upHenceforth they can implement target marketing strategy to attract their customers who add value to the business"
4,Data Science,"Skills  R  Python  SAP HANA  Tableau  SAP HANA SQL  SAP HANA PAL  MS SQL  SAP Lumira  C  Linear Programming  Data Modelling  Advance Analytics  SCM Analytics  Retail Analytics Social Media Analytics  NLP Education Details 
January 2017 to January 2018 PGDM Business Analytics  Great Lakes Institute of Management  Illinois Institute of Technology
January 2013 Bachelor of Engineering Electronics and Communication Bengaluru Karnataka New Horizon College of Engineering Bangalore Visvesvaraya Technological University
Data Science Consultant 

Consultant  Deloitte USI
Skill Details 
LINEAR PROGRAMMING Exprience  6 months
RETAIL Exprience  6 months
RETAIL MARKETING Exprience  6 months
SCM Exprience  6 months
SQL Exprience  Less than 1 year months
Deep Learning Exprience  Less than 1 year months
Machine learning Exprience  Less than 1 year months
Python Exprience  Less than 1 year months
R Exprience  Less than 1 year monthsCompany Details 
company  Deloitte USI
description  The project involved analysing historic deals and coming with insights to optimize future deals
Role Was given raw data carried out end to end analysis and presented insights to client
Key Responsibilities
 Extract data from client systems across geographies
 Understand and build reports in tableau Infer meaningful insights to optimize prices and find out process blockades
Technical Environment R Tableau

Industry Cross Industry
Service Area Cross Industry  Products
Project Name Handwriting recognition
Consultant 3 months
The project involved taking handwritten images and converting them to digital text images by object detection and sentence creation
Role I was developing sentence correction functionality
Key Responsibilities
 Gather data large enough to capture all English words
 Train LSTM models on words
Technical Environment Python

Industry Finance
Service Area Financial Services  BI development Project Name SWIFT
Consultant 8 months
The project was to develop an analytics infrastructure on top of SAP S4 it would user to view
financial reports to respective departments Reporting also included forecasting expenses
Role I was leading the offshore team
Key Responsibilities
 Design  Develop data models for reporting
 Develop ETL for data flow
 Validate various reports
Technical Environment SAP HANA Tableau SAP AO

Industry Healthcare Analytics
Service Area Life Sciences  Product development Project Name Clinical Healthcare System
Consultant 2 months
The project was to develop an analytics infrastructure on top of Argus it would allow users to query faster and provide advance analytics capabilities
Role I was involved from design to deploy phase performed a lot of data restructuring and built
models for insights
Key Responsibilities
 Design  Develop data models for reporting
 Develop and deploy analytical models
 Validate various reports
Technical Environment Data Modelling SAP HANA Tableau NLP

Industry FMCG
Service Area Trade  Promotion
Project Name Consumption Based Planning for Flowers Foods Consultant 8 months
The project involved setting up of CRM and CBP modules
Role I was involved in key data decomposition activities and setting up the base for future year
forecast Over the course of the project I developed various models and carried out key
performance improvements
Key Responsibilities
 Design  Develop HANA models for decomposition
 Develop data flow for forecast
 Developed various views for reporting of CustomerSalesFunds
 Validate various reports in BOBJ
Technical Environment Data Modelling SAP HANA BOBJ Time Series Forecasting

Internal Initiative Industry FMCG
Customer Segmentation and RFM analysis Consultant 3 months
The initiative involved setting up of HANAPython interface and advance analytics on Python Over the course I had successfully segmented data into five core segments using Kmeans and carried out RFM analysis in Python Also developed algorithm to categorize any new customer under the defined buckets
Technical Environment Anaconda3 Python36 HANA SPS12

Industry Telecom Invoice state detection Consultant 1 months
The initiative was to reduce the manual effort in verifying closed and open invoices manually it
involved development to a decision tree to classify openclosed invoices This enabled effort
reduction by 60
Technical Environment R SAP PAL SAP HANA SPS12

Accenture Experience
Industry Analytics  Cross Industry
In Process Analytics for SAP Senior Developer 19 months
Accenture Solutions Pvt Ltd India
The project involved development of SAP analytics tool  In Process Analytics IPA  My role was to develop database objects and data models to provide operational insights to clients
Role I have developed various Finance related KPIs and spearheaded various deployments
Introduced SAP Predictive analytics to reduce development time and reuse functionalities for KPIs and prepared production planning reports
Key Responsibilities
 Involved in information gather phase
 Designed and implemented SAP HANA data modelling using Attribute View Analytic View and
Calculation View
 Developed various KPIs individually using complex SQL scripts in Calculation views
 Created procedures in HANA Database
 Took ownership and developed Dashboard functionality
 Involved in building data processing algorithms to be executed in R server for cluster analysis
Technical Environment R SAP HANA TSQL
Industry Cross Industry
Accenture Testing Accelerator for SAP Database Developer 21 months
Accenture Solutions Pvt Ltd India
Role I have taken care of all development activities for the ATAS tool and have also completed
various deployments of the product
Apart from these activities I was also actively involved in maintenance of the database servers
Production  Quality
Key Responsibilities
 Analyzing business requirements understanding the scope getting requirements clarified
interacting with business and further transform all requirements to generate attribute
mapping documents and reviewing mapping specification documentation
 Create  Update database objects like tables views stored procedures function and packages
 Monitored SQL Server Error Logs and Application Logs through SQL Server Agent
 Prepared Data Flow Diagrams Entity Relationship Diagrams using UML
 Responsible for Designing developing and Normalization of database tables
 Experience in performance tuning using SQL profiler
 Involved in QA UAT knowledge transfer and support activities
Technical Environment SQL Server 20082014 Visual Studio 2010 Windows Server Performance
Monitor SQL Server Profiler C PLSQL TSQL"
5,Data Science,"Education Details 
 MCA   YMCAUST  Faridabad  Haryana
Data Science internship 


Skill Details 
Data Structure Exprience  Less than 1 year months
C Exprience  Less than 1 year months
Data Analysis Exprience  Less than 1 year months
Python Exprience  Less than 1 year months
Core Java Exprience  Less than 1 year months
Database Management Exprience  Less than 1 year monthsCompany Details 
company  Itechpower
description  "
6,Data Science,"SKILLS C Basics IOT Python MATLAB Data Science Machine Learning HTML Microsoft Word Microsoft Excel Microsoft Powerpoint RECOGNITION Academic Secured First place in BTechEducation Details 
August 2014 to May 2018 BTech  Ghatkesar Andhra Pradesh Auroras Scientific and Technological Institute
June 2012 to May 2014  Secondary Education Warangal Telangana SR Junior College
Data Science 


Skill Details 
MS OFFICE Exprience  Less than 1 year months
C Exprience  Less than 1 year months
machine learning Exprience  Less than 1 year months
data science Exprience  Less than 1 year months
Matlab Exprience  Less than 1 year monthsCompany Details 
company  
description  "
7,Data Science,"Skills  Python  Tableau  Data Visualization  R Studio  Machine Learning  Statistics IABAC Certified Data Scientist with versatile experience over 1 years in managing business data science consulting and leading innovation projects bringing business ideas to working real world solutions Being a strong advocator of augmented era where human capabilities are enhanced by machines Fahed is passionate about bringing business concepts in area of machine learning AI robotics etc to real life solutionsEducation Details 
January 2017 B Tech Computer Science  Engineering Mohali Punjab Indo Global College of Engineering
Data Science Consultant 

Data Science Consultant  Datamites
Skill Details 
MACHINE LEARNING Exprience  13 months
PYTHON Exprience  24 months
SOLUTIONS Exprience  24 months
DATA SCIENCE Exprience  24 months
DATA VISUALIZATION Exprience  24 months
Tableau Exprience  24 monthsCompany Details 
company  Datamites
description   Analyzed and processed complex data sets using advanced querying visualization and analytics tools
 Responsible for loading extracting and validation of client data
 Worked on manipulating cleaning  processing data using python
 Used Tableau for data visualization
company  Heretic Solutions Pvt Ltd
description   Worked closely with business to identify issues and used data to propose solutions for effective decision making
 Manipulating cleansing  processing data using Python Excel and R
 Analyzed raw data drawing conclusions  developing recommendations
 Used machine learning tools and statistical techniques to produce solutions to problems"
8,Data Science,"Education Details 
 BTech   Rayat and Bahra Institute of Engineering and Biotechnology
Data Science 

Data Science
Skill Details 
Numpy Exprience  Less than 1 year months
Machine Learning Exprience  Less than 1 year months
Tensorflow Exprience  Less than 1 year months
Scikit Exprience  Less than 1 year months
Python Exprience  Less than 1 year months
GCP Exprience  Less than 1 year months
Pandas Exprience  Less than 1 year months
Neural Network Exprience  Less than 1 year monthsCompany Details 
company  Wipro
description  Bhawana Aggarwal
EMailbhawanachdgmailcom
Phone 09876971076
VVersatile highenergy professional targeting challenging assignments in Machine
PROFILE SUMMARY
 An IT professional with knowledge and experience of 2 years in Wipro Technologies in Machine
Learning Deep Learning Data Science Python Software Development
 Skilled in managing endtoend development and software products  projects from inception requirement
specs planning designing implementation configuration and documentation
 Knowledge on Python  Machine Learning Deep Learning data Science Algorithms Neural Network
NLP GCP
 Knowledge on Python Libraries like Numpy Pandas Seaborn  Matplotlib Cufflinks
 Knowledge on different algorithms in Machine learning like KNN Decision Tree Bias variance Trade off
Support vector MachineSVMLogistic Regression Neural networks
 Have knowledge on unsupervised Supervised and reinforcement data
 Programming experience in relational platforms like MySQLOracle
 Have knowledge on Some programming language like CJava
 Experience in cloud based environment like Google Cloud
 Working on different Operating System like Linux Ubuntu Windows
 Good interpersonal and communication skills
 Problem solving skills with the ability to think laterally and to think with a medium term and long term
perspective
 Flexibility and an open attitude to change
 Ability to create define and own frameworks with a strong emphasis on code reusability
TECHNICAL SKILLS
Programming Languages Python C
Libraries Seaborn Numpy Pandas Cufflinks Matplotlib
Algorithms
KNN Decision Tree Linear regression Logistic Regression Neural Networks K means clustering
Tensorflow SVM
Databases SQL Oracle
Operating Systems Linux Window
Development Environments NetBeans Notebooks Sublime
Ticketing tools Service Now Remedy
Education
UG Education
BTech Computer Science from Rayat and Bahra Institute of Engineering and Biotechnology passed with 784in
2016
Schooling
XII in 2012 from Moti Ram Arya Sr Secondary SchoolPassed with 784
X in 2010 from Valley Public School Passed with 94 CGPA
WORK EXPERINCE
Title  Wipro Neural Intelligence Platform
Team Size  5
Brief Wipros Neural Intelligence Platform harnesses the power of automation and artificial intelligence
technologiesnatural language processing NLP cognitive machine learning and analytics The platform
comprises three layers a data engagement platform that can easily access and manage multiple structured and
unstructured data sources an intent assessment and reasoning engine that includes sentiment and predictive
analytics and a deep machine learning engine that can sense act and learn over time The project entailed
automating responses to user queries at the earliest The Monster Bot using the power of Deep Machine Learning
NLP to handle such queries User can see the how their queries can be answered quickly like allL1 activities can be
eliminated
Entity Extractor  This involves text extraction and NLP for fetching out important information from the text like
dates names places contact numbers etc This involves Regex Bluemix NLU apis and machine learning using
Tensor flow for further learning of new entities
Classifier This involves the classifications of classes training of dataset and predicting the output using the SKLearn
classifier MNB SVM SGD as Classifier and SGD for the optimization to map the user queries with the best
suited response and make the system efficient
NER A Deep Learning NER Model is trained to extract the entities from the text Entities like Roles Skills
Organizations can be extracted from raw text RNNLSTM Bidirectional model is trained for extracting such entities
using Keras TensorFlow framework
OTHER PROJECTS
Title  Diabetes Detection
Brief  Developed the software which can detect whether the person is suffering from Diabetes or not and got the third
prize in it
TRAINING AND CERTIFICATIONS
Title Python Training Machine Learning Data Science Deep Learning
Organization Udemy Coursera Machine Learning Deep Learning
Personal Profile
Fathers Name Mr Tirlok Aggarwal
Language Known  English  Hindi
Marital Status Single
Date of BirthGender19931220YYYYMMDD F
company  Wipro
description  Developing programs in Python
company  Wipro
description  Title  Wipro Neural Intelligence Platform
Team Size  5
Brief Wipros Neural Intelligence Platform harnesses the power of automation and artificial intelligence
technologiesnatural language processing NLP cognitive machine learning and analytics The platform
comprises three layers a data engagement platform that can easily access and manage multiple structured and
unstructured data sources an intent assessment and reasoning engine that includes sentiment and predictive
analytics and a deep machine learning engine that can sense act and learn over time The project entailed
automating responses to user queries at the earliest The Monster Bot using the power of Deep Machine Learning
NLP to handle such queries User can see the how their queries can be answered quickly like allL1 activities can be
eliminated
Entity Extractor  This involves text extraction and NLP for fetching out important information from the text like
dates names places contact numbers etc This involves Regex Bluemix NLU apis and machine learning using
Tensor flow for further learning of new entities
Classifier This involves the classifications of classes training of dataset and predicting the output using the SKLearn
classifier MNB SVM SGD as Classifier and SGD for the optimization to map the user queries with the best
suited response and make the system efficient
NER A Deep Learning NER Model is trained to extract the entities from the text Entities like Roles Skills
Organizations can be extracted from raw text RNNLSTM Bidirectional model is trained for extracting such entities
using Keras TensorFlow framework
company  Wipro Technologies
description  An IT professional with knowledge and experience of 2 years in Wipro Technologies in Machine
Learning Deep Learning Data Science Python Software Development
 Skilled in managing endtoend development and software products  projects from inception requirement
specs planning designing implementation configuration and documentation
 Knowledge on Python  Machine Learning Deep Learning data Science Algorithms Neural Network
NLP GCP
 Knowledge on Python Libraries like Numpy Pandas Seaborn  Matplotlib Cufflinks
 Knowledge on different algorithms in Machine learning like KNN Decision Tree Bias variance Trade off
Support vector MachineSVMLogistic Regression Neural networks
 Have knowledge on unsupervised Supervised and reinforcement data
 Programming experience in relational platforms like MySQLOracle
 Have knowledge on Some programming language like CJava
 Experience in cloud based environment like Google Cloud
 Working on different Operating System like Linux Ubuntu Windows
 Good interpersonal and communication skills
 Problem solving skills with the ability to think laterally and to think with a medium term and long term
perspective
 Flexibility and an open attitude to change
 Ability to create define and own frameworks with a strong emphasis on code reusability"
9,Data Science,"Personal Skills  Ability to quickly grasp technical aspects and willingness to learn  High energy levels  Result oriented Education Details 
January 2018 Master of Engineering Computer Technology  Application Bhopal Madhya Pradesh Truba Institute of Engineering  Information Technology
January 2010 BE computer science Bhopal Madhya Pradesh RKDF Institute of Science and Technology College of Engineering
January 2006 Polytechnic Information Technology Vidisha Madhya Pradesh SATI Engineering College in Vidisha
January 2003 Mtech Thesis Detail  BMCH School in Ganj basoda
Data science 

I have six month experience in Data Science Key Skills  Experience in Machine Learning Deep Leaning NLP Python SQL Web Scraping Good knowledge in computer subjects and ability to update
Skill Details 
Experience in Machine Learning Deep Learning NLP Python SQL Web Crawling HTMLCSS Exprience  Less than 1 year monthsCompany Details 
company  RNTAI Technology Solution
description  Text classification using Machine learning Algorithms with python
Practical knowledge of Deep learning algorithms such as Recurrent Neural NetworksRNN
Develop custom data models and algorithms to apply to dataset
Experience with Python packages like Pandas Scikitlearn Tensor Flow Numpy Matplotliv NLTK
Comfort with SQL MYSQL
Sentiment analysis
Apply leave Dataset using classification technique like Tfidf  LSA with cosine similarity using Machine learning Algorithms
Web crawling using Selenium web driver and Beautiful Soup with python
company  Life Insurance Corporation of India Bhopal
description  Explaining policy features and the benefits
 Updated knowledge of life insurance products and shared with customers"
10,Data Science,"Expertise  Data and Quantitative Analysis  Decision Analytics  Predictive Modeling  DataDriven Personalization  KPI Dashboards  Big Data Queries and Interpretation  Data Mining and Visualization Tools  Machine Learning Algorithms  Business Intelligence BI  Research Reports and Forecasts Education Details 
 PGP in Data Science  Mumbai Maharashtra Aegis School of data science  Business
 BE in Electronics  Communication Electronics  Communication Indore Madhya Pradesh IES IPS Academy
Data Scientist 

Data Scientist with PR Canada
Skill Details 
Algorithms Exprience  6 months
BI Exprience  6 months
Business Intelligence Exprience  6 months
Machine Learning Exprience  24 months
Visualization Exprience  24 months
spark Exprience  24 months
python Exprience  36 months
tableau Exprience  36 months
Data Analysis Exprience  24 monthsCompany Details 
company  Aegis school of Data Science  Business
description  Mostly working on industry project for providing solution along with Teaching Appointments Teach undergraduate and graduatelevel courses in Spark and Machine Learning as an adjunct faculty member at Aegis School of Data Science Mumbai 2017 to Present
company  Aegis school of Data  Business
description  Data Science Intern Nov 2015 to Jan 2016

Furnish executive leadership team with insights analytics reports and recommendations enabling effective strategic planning across all business units distribution channels and product lines

 Chat Bot using AWS LEX and Tensor flow  Python
The goal of project creates a chat bot for an academic institution or university to handle queries related courses offered by that institute The objective of this task is to reduce human efforts as well as reduce man made errors Even by this companies handle their client 24x7 In this case companies are academic institutions and clients are participants or students
 Web scraping using Selenium web driver   Python
The task is to scrap the data from the online messaging portal in a text format and have to find the pattern form it
 Data Visualization and Data insights   Hadoop Eco System Hive PySpark QlikSense
The goal of this project is to build a Business Solutions to a Internet Service Provider Company like handling data which is generated per day basis for that we have to visualize that data and find the usage pattern form it and have a generate a reports
 Image Based Fraud Detection   Microsoft Face API PySpark Open CV
The main goal of project is Recognize similarity for a face to given Database images Face recognition is the recognizing a special face from set of different faces Face is extracted and then compared with the database Image if that Image recognized then the person already applied for loan from somewhere else and now hiding his or her identity this is how we are going to prevent the frauds in the initial stage itself
 Churn Analysis for Internet Service Provider   R Python Machine Learning Hadoop
The objective is to identify the customer who is likely to churn in a given period of time we have to pretend the customer giving incentive offers
 Sentiment Analysis   Python NLP Apache Spark service in IBM Bluemix
This project is highly emphasis on tweets from Twitter data were taken for mobile networks service provider to do a sentiment analysis and analyze whether the expressed opinion was positive negative or neutral capture the emotions of the tweets and comparative analysis

Quantifiable Results
 Mentored 712 Data Science Enthusiast each year that have all since gone on to graduate school in Data Science and Business Analytics
 Reviewed and evaluated 2040 Research Papers on Data Science for one of the largest Data Science Conference called Data Science Congress by Aegis School of Business Mumbai
 Heading a solution providing organization called Data Science Delivered into Aegis school of Data Science Mumbai and managed 45 live projects using Data Science techniques
 Working for some social cause with the help of Data Science for Social Goods Committee where our team developed a product called Lets find a missing Child for helping society
company  IBM India pvt ltd
description  Mostly worked on blumix and IBM Watson for Data science"
11,Data Science,"Skills  Programming Languages Python pandas numpy scipy scikitlearn matplotlib Sql Java JavaScriptJQuery  Machine learning Regression SVM Nave Bayes KNN Random Forest Decision Trees Boosting techniques Cluster Analysis Word Embedding Sentiment Analysis Natural Language processing Dimensionality reduction Topic Modelling LDA NMF PCA  Neural Nets  Database Visualizations Mysql SqlServer Cassandra Hbase ElasticSearch D3js DCjs Plotly kibana matplotlib ggplot Tableau  Others Regular Expression HTML CSS Angular 6 Logstash Kafka Python Flask Git Docker computer vision  Open CV and understanding of Deep learningEducation Details 

Data Science Assurance Associate 

Data Science Assurance Associate  Ernst  Young LLP
Skill Details 
JAVASCRIPT Exprience  24 months
jQuery Exprience  24 months
Python Exprience  24 monthsCompany Details 
company  Ernst  Young LLP
description  Fraud Investigations and Dispute Services   Assurance
TECHNOLOGY ASSISTED REVIEW
TAR Technology Assisted Review assists in accelerating the review process and run analytics and generate reports
 Core member of a team helped in developing automated review platform tool from scratch for assisting E discovery domain this tool implements predictive coding and topic modelling by automating reviews resulting in reduced labor costs and time spent during the lawyers review
 Understand the end to end flow of the solution doing research and development for classification models predictive analysis and mining of the information present in text data Worked on analyzing the outputs and precision monitoring for the entire tool
 TAR assists in predictive coding topic modelling from the evidence by following EY standards Developed the classifier models in order to identify red flags and fraudrelated issues

Tools  Technologies Python scikitlearn tfidf word2vec doc2vec cosine similarity Nave Bayes LDA NMF for topic modelling Vader and text blob for sentiment analysis Matplot lib Tableau dashboard for reporting

MULTIPLE DATA SCIENCE AND ANALYTIC PROJECTS USA CLIENTS
TEXT ANALYTICS  MOTOR VEHICLE CUSTOMER REVIEW DATA  Received customer feedback survey data for past one year Performed sentiment Positive Negative  Neutral and time series analysis on customer comments across all 4 categories
 Created heat map of terms by survey category based on frequency of words  Extracted Positive and Negative words across all the Survey categories and plotted Word cloud
 Created customized tableau dashboards for effective reporting and visualizations
CHATBOT  Developed a user friendly chatbot for one of our Products which handle simple questions about hours of operation reservation options and so on
 This chat bot serves entire product related questions Giving overview of tool via QA platform and also give recommendation responses so that user question to build chain of relevant answer
 This too has intelligence to build the pipeline of questions as per user requirement and asks the relevant recommended questions

Tools  Technologies Python Natural language processing NLTK spacy topic modelling Sentiment analysis Word Embedding scikitlearn JavaScriptJQuery SqlServer

INFORMATION GOVERNANCE
Organizations to make informed decisions about all of the information they store The integrated Information Governance portfolio synthesizes intelligence across unstructured data sources and facilitates action to ensure organizations are best positioned to counter information risk
 Scan data from multiple sources of formats and parse different file formats extract Meta data information push results for indexing elastic search and created customized interactive dashboards using kibana
 Preforming ROT Analysis on the data which give information of data which helps identify content that is either Redundant Outdated or Trivial
 Preforming fulltext search analysis on elastic search with predefined methods which can tag as PII personally identifiable information social security numbers addresses names etc which frequently targeted during cyberattacks
Tools  Technologies Python Flask Elastic Search Kibana

FRAUD ANALYTIC PLATFORM
Fraud Analytics and investigative platform to review all red flag cases
 FAP is a Fraud Analytics and investigative platform with inbuilt case manager and suite of Analytics for various ERP systems
 It can be used by clients to interrogate their Accounting systems for identifying the anomalies which can be indicators of fraud by running advanced analytics
Tools  Technologies HTML JavaScript SqlServer JQuery CSS Bootstrap Nodejs D3js DCjs"
12,Data Science,"Education Details 
May 2013 to May 2017 BE   UITRGPV
Data Scientist 

Data Scientist  Matelabs
Skill Details 
Python Exprience  Less than 1 year months
Statsmodels Exprience  12 months
AWS Exprience  Less than 1 year months
Machine learning Exprience  Less than 1 year months
Sklearn Exprience  Less than 1 year months
Scipy Exprience  Less than 1 year months
Keras Exprience  Less than 1 year monthsCompany Details 
company  Matelabs
description  ML Platform for business professionals dummies and enthusiasts
60A Koramangala 5th block
AchievementsTasks behind sukh sagar Bengaluru
India                               Developed and deployed auto preprocessing steps of machine learning mainly missing value
treatment outlier detection encoding scaling feature selection and dimensionality reduction
Deployed automated classification and regression model
linkedincominadityarathore
b4600b146                           Reasearch and deployed the time series forecasting model ARIMA SARIMAX Holtwinter and
Prophet
Worked on metafeature extracting problem
githubcomrathorology
Implemented a state of the art research paper on outlier detection for mixed attributes
company  Matelabs
description  "
13,Data Science,"Areas of Interest Deep Learning Control System Design Programming inPython Electric Machinery Web Development Analytics Technical Activities q Hindustan Aeronautics Limited Bangalore  For 4 weeks under the guidance of Mr Satish Senior Engineer in the hangar of Mirage 2000 fighter aircraft Technical Skills Programming Matlab Python and Java LabView Python WebFrameWorkDjango Flask LTSPICEintermediate Languages and and MIPOWERintermediate Github GitBash Jupyter Notebook Xampp MySQLBasics Python Software Packages InterpretersAnaconda Python2 Python3 Pycharm Java IDEEclipse Operating Systems Windows Ubuntu DebianKali Linux Education Details 
January 2019 BTech Electrical and Electronics Engineering  Manipal Institute of Technology
January 2015    DEEKSHA CENTER
January 2013    Little Flower Public School
August 2000    Manipal Academy of Higher
DATA SCIENCE 

DATA SCIENCE AND ELECTRICAL ENTHUSIAST
Skill Details 
Data Analysis Exprience  Less than 1 year months
excel Exprience  Less than 1 year months
Machine Learning Exprience  Less than 1 year months
mathematics Exprience  Less than 1 year months
Python Exprience  Less than 1 year months
Matlab Exprience  Less than 1 year months
Electrical Engineering Exprience  Less than 1 year months
Sql Exprience  Less than 1 year monthsCompany Details 
company  THEMATHCOMPANY
description  I am currently working with a Casino based operatorname not to be disclosed in MacauI need to segment the customers who visit their property based on the value the patrons bring into the companyBasically prove that the segmentation can be done in much better way than the current system which they have with proper numbers to back it upHenceforth they can implement target marketing strategy to attract their customers who add value to the business"
14,Data Science,"Skills  R  Python  SAP HANA  Tableau  SAP HANA SQL  SAP HANA PAL  MS SQL  SAP Lumira  C  Linear Programming  Data Modelling  Advance Analytics  SCM Analytics  Retail Analytics Social Media Analytics  NLP Education Details 
January 2017 to January 2018 PGDM Business Analytics  Great Lakes Institute of Management  Illinois Institute of Technology
January 2013 Bachelor of Engineering Electronics and Communication Bengaluru Karnataka New Horizon College of Engineering Bangalore Visvesvaraya Technological University
Data Science Consultant 

Consultant  Deloitte USI
Skill Details 
LINEAR PROGRAMMING Exprience  6 months
RETAIL Exprience  6 months
RETAIL MARKETING Exprience  6 months
SCM Exprience  6 months
SQL Exprience  Less than 1 year months
Deep Learning Exprience  Less than 1 year months
Machine learning Exprience  Less than 1 year months
Python Exprience  Less than 1 year months
R Exprience  Less than 1 year monthsCompany Details 
company  Deloitte USI
description  The project involved analysing historic deals and coming with insights to optimize future deals
Role Was given raw data carried out end to end analysis and presented insights to client
Key Responsibilities
 Extract data from client systems across geographies
 Understand and build reports in tableau Infer meaningful insights to optimize prices and find out process blockades
Technical Environment R Tableau

Industry Cross Industry
Service Area Cross Industry  Products
Project Name Handwriting recognition
Consultant 3 months
The project involved taking handwritten images and converting them to digital text images by object detection and sentence creation
Role I was developing sentence correction functionality
Key Responsibilities
 Gather data large enough to capture all English words
 Train LSTM models on words
Technical Environment Python

Industry Finance
Service Area Financial Services  BI development Project Name SWIFT
Consultant 8 months
The project was to develop an analytics infrastructure on top of SAP S4 it would user to view
financial reports to respective departments Reporting also included forecasting expenses
Role I was leading the offshore team
Key Responsibilities
 Design  Develop data models for reporting
 Develop ETL for data flow
 Validate various reports
Technical Environment SAP HANA Tableau SAP AO

Industry Healthcare Analytics
Service Area Life Sciences  Product development Project Name Clinical Healthcare System
Consultant 2 months
The project was to develop an analytics infrastructure on top of Argus it would allow users to query faster and provide advance analytics capabilities
Role I was involved from design to deploy phase performed a lot of data restructuring and built
models for insights
Key Responsibilities
 Design  Develop data models for reporting
 Develop and deploy analytical models
 Validate various reports
Technical Environment Data Modelling SAP HANA Tableau NLP

Industry FMCG
Service Area Trade  Promotion
Project Name Consumption Based Planning for Flowers Foods Consultant 8 months
The project involved setting up of CRM and CBP modules
Role I was involved in key data decomposition activities and setting up the base for future year
forecast Over the course of the project I developed various models and carried out key
performance improvements
Key Responsibilities
 Design  Develop HANA models for decomposition
 Develop data flow for forecast
 Developed various views for reporting of CustomerSalesFunds
 Validate various reports in BOBJ
Technical Environment Data Modelling SAP HANA BOBJ Time Series Forecasting

Internal Initiative Industry FMCG
Customer Segmentation and RFM analysis Consultant 3 months
The initiative involved setting up of HANAPython interface and advance analytics on Python Over the course I had successfully segmented data into five core segments using Kmeans and carried out RFM analysis in Python Also developed algorithm to categorize any new customer under the defined buckets
Technical Environment Anaconda3 Python36 HANA SPS12

Industry Telecom Invoice state detection Consultant 1 months
The initiative was to reduce the manual effort in verifying closed and open invoices manually it
involved development to a decision tree to classify openclosed invoices This enabled effort
reduction by 60
Technical Environment R SAP PAL SAP HANA SPS12

Accenture Experience
Industry Analytics  Cross Industry
In Process Analytics for SAP Senior Developer 19 months
Accenture Solutions Pvt Ltd India
The project involved development of SAP analytics tool  In Process Analytics IPA  My role was to develop database objects and data models to provide operational insights to clients
Role I have developed various Finance related KPIs and spearheaded various deployments
Introduced SAP Predictive analytics to reduce development time and reuse functionalities for KPIs and prepared production planning reports
Key Responsibilities
 Involved in information gather phase
 Designed and implemented SAP HANA data modelling using Attribute View Analytic View and
Calculation View
 Developed various KPIs individually using complex SQL scripts in Calculation views
 Created procedures in HANA Database
 Took ownership and developed Dashboard functionality
 Involved in building data processing algorithms to be executed in R server for cluster analysis
Technical Environment R SAP HANA TSQL
Industry Cross Industry
Accenture Testing Accelerator for SAP Database Developer 21 months
Accenture Solutions Pvt Ltd India
Role I have taken care of all development activities for the ATAS tool and have also completed
various deployments of the product
Apart from these activities I was also actively involved in maintenance of the database servers
Production  Quality
Key Responsibilities
 Analyzing business requirements understanding the scope getting requirements clarified
interacting with business and further transform all requirements to generate attribute
mapping documents and reviewing mapping specification documentation
 Create  Update database objects like tables views stored procedures function and packages
 Monitored SQL Server Error Logs and Application Logs through SQL Server Agent
 Prepared Data Flow Diagrams Entity Relationship Diagrams using UML
 Responsible for Designing developing and Normalization of database tables
 Experience in performance tuning using SQL profiler
 Involved in QA UAT knowledge transfer and support activities
Technical Environment SQL Server 20082014 Visual Studio 2010 Windows Server Performance
Monitor SQL Server Profiler C PLSQL TSQL"
15,Data Science,"Education Details 
 MCA   YMCAUST  Faridabad  Haryana
Data Science internship 


Skill Details 
Data Structure Exprience  Less than 1 year months
C Exprience  Less than 1 year months
Data Analysis Exprience  Less than 1 year months
Python Exprience  Less than 1 year months
Core Java Exprience  Less than 1 year months
Database Management Exprience  Less than 1 year monthsCompany Details 
company  Itechpower
description  "
16,Data Science,"SKILLS C Basics IOT Python MATLAB Data Science Machine Learning HTML Microsoft Word Microsoft Excel Microsoft Powerpoint RECOGNITION Academic Secured First place in BTechEducation Details 
August 2014 to May 2018 BTech  Ghatkesar Andhra Pradesh Auroras Scientific and Technological Institute
June 2012 to May 2014  Secondary Education Warangal Telangana SR Junior College
Data Science 


Skill Details 
MS OFFICE Exprience  Less than 1 year months
C Exprience  Less than 1 year months
machine learning Exprience  Less than 1 year months
data science Exprience  Less than 1 year months
Matlab Exprience  Less than 1 year monthsCompany Details 
company  
description  "
17,Data Science,"Skills  Python  Tableau  Data Visualization  R Studio  Machine Learning  Statistics IABAC Certified Data Scientist with versatile experience over 1 years in managing business data science consulting and leading innovation projects bringing business ideas to working real world solutions Being a strong advocator of augmented era where human capabilities are enhanced by machines Fahed is passionate about bringing business concepts in area of machine learning AI robotics etc to real life solutionsEducation Details 
January 2017 B Tech Computer Science  Engineering Mohali Punjab Indo Global College of Engineering
Data Science Consultant 

Data Science Consultant  Datamites
Skill Details 
MACHINE LEARNING Exprience  13 months
PYTHON Exprience  24 months
SOLUTIONS Exprience  24 months
DATA SCIENCE Exprience  24 months
DATA VISUALIZATION Exprience  24 months
Tableau Exprience  24 monthsCompany Details 
company  Datamites
description   Analyzed and processed complex data sets using advanced querying visualization and analytics tools
 Responsible for loading extracting and validation of client data
 Worked on manipulating cleaning  processing data using python
 Used Tableau for data visualization
company  Heretic Solutions Pvt Ltd
description   Worked closely with business to identify issues and used data to propose solutions for effective decision making
 Manipulating cleansing  processing data using Python Excel and R
 Analyzed raw data drawing conclusions  developing recommendations
 Used machine learning tools and statistical techniques to produce solutions to problems"
18,Data Science,"Education Details 
 BTech   Rayat and Bahra Institute of Engineering and Biotechnology
Data Science 

Data Science
Skill Details 
Numpy Exprience  Less than 1 year months
Machine Learning Exprience  Less than 1 year months
Tensorflow Exprience  Less than 1 year months
Scikit Exprience  Less than 1 year months
Python Exprience  Less than 1 year months
GCP Exprience  Less than 1 year months
Pandas Exprience  Less than 1 year months
Neural Network Exprience  Less than 1 year monthsCompany Details 
company  Wipro
description  Bhawana Aggarwal
EMailbhawanachdgmailcom
Phone 09876971076
VVersatile highenergy professional targeting challenging assignments in Machine
PROFILE SUMMARY
 An IT professional with knowledge and experience of 2 years in Wipro Technologies in Machine
Learning Deep Learning Data Science Python Software Development
 Skilled in managing endtoend development and software products  projects from inception requirement
specs planning designing implementation configuration and documentation
 Knowledge on Python  Machine Learning Deep Learning data Science Algorithms Neural Network
NLP GCP
 Knowledge on Python Libraries like Numpy Pandas Seaborn  Matplotlib Cufflinks
 Knowledge on different algorithms in Machine learning like KNN Decision Tree Bias variance Trade off
Support vector MachineSVMLogistic Regression Neural networks
 Have knowledge on unsupervised Supervised and reinforcement data
 Programming experience in relational platforms like MySQLOracle
 Have knowledge on Some programming language like CJava
 Experience in cloud based environment like Google Cloud
 Working on different Operating System like Linux Ubuntu Windows
 Good interpersonal and communication skills
 Problem solving skills with the ability to think laterally and to think with a medium term and long term
perspective
 Flexibility and an open attitude to change
 Ability to create define and own frameworks with a strong emphasis on code reusability
TECHNICAL SKILLS
Programming Languages Python C
Libraries Seaborn Numpy Pandas Cufflinks Matplotlib
Algorithms
KNN Decision Tree Linear regression Logistic Regression Neural Networks K means clustering
Tensorflow SVM
Databases SQL Oracle
Operating Systems Linux Window
Development Environments NetBeans Notebooks Sublime
Ticketing tools Service Now Remedy
Education
UG Education
BTech Computer Science from Rayat and Bahra Institute of Engineering and Biotechnology passed with 784in
2016
Schooling
XII in 2012 from Moti Ram Arya Sr Secondary SchoolPassed with 784
X in 2010 from Valley Public School Passed with 94 CGPA
WORK EXPERINCE
Title  Wipro Neural Intelligence Platform
Team Size  5
Brief Wipros Neural Intelligence Platform harnesses the power of automation and artificial intelligence
technologiesnatural language processing NLP cognitive machine learning and analytics The platform
comprises three layers a data engagement platform that can easily access and manage multiple structured and
unstructured data sources an intent assessment and reasoning engine that includes sentiment and predictive
analytics and a deep machine learning engine that can sense act and learn over time The project entailed
automating responses to user queries at the earliest The Monster Bot using the power of Deep Machine Learning
NLP to handle such queries User can see the how their queries can be answered quickly like allL1 activities can be
eliminated
Entity Extractor  This involves text extraction and NLP for fetching out important information from the text like
dates names places contact numbers etc This involves Regex Bluemix NLU apis and machine learning using
Tensor flow for further learning of new entities
Classifier This involves the classifications of classes training of dataset and predicting the output using the SKLearn
classifier MNB SVM SGD as Classifier and SGD for the optimization to map the user queries with the best
suited response and make the system efficient
NER A Deep Learning NER Model is trained to extract the entities from the text Entities like Roles Skills
Organizations can be extracted from raw text RNNLSTM Bidirectional model is trained for extracting such entities
using Keras TensorFlow framework
OTHER PROJECTS
Title  Diabetes Detection
Brief  Developed the software which can detect whether the person is suffering from Diabetes or not and got the third
prize in it
TRAINING AND CERTIFICATIONS
Title Python Training Machine Learning Data Science Deep Learning
Organization Udemy Coursera Machine Learning Deep Learning
Personal Profile
Fathers Name Mr Tirlok Aggarwal
Language Known  English  Hindi
Marital Status Single
Date of BirthGender19931220YYYYMMDD F
company  Wipro
description  Developing programs in Python
company  Wipro
description  Title  Wipro Neural Intelligence Platform
Team Size  5
Brief Wipros Neural Intelligence Platform harnesses the power of automation and artificial intelligence
technologiesnatural language processing NLP cognitive machine learning and analytics The platform
comprises three layers a data engagement platform that can easily access and manage multiple structured and
unstructured data sources an intent assessment and reasoning engine that includes sentiment and predictive
analytics and a deep machine learning engine that can sense act and learn over time The project entailed
automating responses to user queries at the earliest The Monster Bot using the power of Deep Machine Learning
NLP to handle such queries User can see the how their queries can be answered quickly like allL1 activities can be
eliminated
Entity Extractor  This involves text extraction and NLP for fetching out important information from the text like
dates names places contact numbers etc This involves Regex Bluemix NLU apis and machine learning using
Tensor flow for further learning of new entities
Classifier This involves the classifications of classes training of dataset and predicting the output using the SKLearn
classifier MNB SVM SGD as Classifier and SGD for the optimization to map the user queries with the best
suited response and make the system efficient
NER A Deep Learning NER Model is trained to extract the entities from the text Entities like Roles Skills
Organizations can be extracted from raw text RNNLSTM Bidirectional model is trained for extracting such entities
using Keras TensorFlow framework
company  Wipro Technologies
description  An IT professional with knowledge and experience of 2 years in Wipro Technologies in Machine
Learning Deep Learning Data Science Python Software Development
 Skilled in managing endtoend development and software products  projects from inception requirement
specs planning designing implementation configuration and documentation
 Knowledge on Python  Machine Learning Deep Learning data Science Algorithms Neural Network
NLP GCP
 Knowledge on Python Libraries like Numpy Pandas Seaborn  Matplotlib Cufflinks
 Knowledge on different algorithms in Machine learning like KNN Decision Tree Bias variance Trade off
Support vector MachineSVMLogistic Regression Neural networks
 Have knowledge on unsupervised Supervised and reinforcement data
 Programming experience in relational platforms like MySQLOracle
 Have knowledge on Some programming language like CJava
 Experience in cloud based environment like Google Cloud
 Working on different Operating System like Linux Ubuntu Windows
 Good interpersonal and communication skills
 Problem solving skills with the ability to think laterally and to think with a medium term and long term
perspective
 Flexibility and an open attitude to change
 Ability to create define and own frameworks with a strong emphasis on code reusability"
19,Data Science,"Personal Skills  Ability to quickly grasp technical aspects and willingness to learn  High energy levels  Result oriented Education Details 
January 2018 Master of Engineering Computer Technology  Application Bhopal Madhya Pradesh Truba Institute of Engineering  Information Technology
January 2010 BE computer science Bhopal Madhya Pradesh RKDF Institute of Science and Technology College of Engineering
January 2006 Polytechnic Information Technology Vidisha Madhya Pradesh SATI Engineering College in Vidisha
January 2003 Mtech Thesis Detail  BMCH School in Ganj basoda
Data science 

I have six month experience in Data Science Key Skills  Experience in Machine Learning Deep Leaning NLP Python SQL Web Scraping Good knowledge in computer subjects and ability to update
Skill Details 
Experience in Machine Learning Deep Learning NLP Python SQL Web Crawling HTMLCSS Exprience  Less than 1 year monthsCompany Details 
company  RNTAI Technology Solution
description  Text classification using Machine learning Algorithms with python
Practical knowledge of Deep learning algorithms such as Recurrent Neural NetworksRNN
Develop custom data models and algorithms to apply to dataset
Experience with Python packages like Pandas Scikitlearn Tensor Flow Numpy Matplotliv NLTK
Comfort with SQL MYSQL
Sentiment analysis
Apply leave Dataset using classification technique like Tfidf  LSA with cosine similarity using Machine learning Algorithms
Web crawling using Selenium web driver and Beautiful Soup with python
company  Life Insurance Corporation of India Bhopal
description  Explaining policy features and the benefits
 Updated knowledge of life insurance products and shared with customers"
20,Data Science,"Expertise  Data and Quantitative Analysis  Decision Analytics  Predictive Modeling  DataDriven Personalization  KPI Dashboards  Big Data Queries and Interpretation  Data Mining and Visualization Tools  Machine Learning Algorithms  Business Intelligence BI  Research Reports and Forecasts Education Details 
 PGP in Data Science  Mumbai Maharashtra Aegis School of data science  Business
 BE in Electronics  Communication Electronics  Communication Indore Madhya Pradesh IES IPS Academy
Data Scientist 

Data Scientist with PR Canada
Skill Details 
Algorithms Exprience  6 months
BI Exprience  6 months
Business Intelligence Exprience  6 months
Machine Learning Exprience  24 months
Visualization Exprience  24 months
spark Exprience  24 months
python Exprience  36 months
tableau Exprience  36 months
Data Analysis Exprience  24 monthsCompany Details 
company  Aegis school of Data Science  Business
description  Mostly working on industry project for providing solution along with Teaching Appointments Teach undergraduate and graduatelevel courses in Spark and Machine Learning as an adjunct faculty member at Aegis School of Data Science Mumbai 2017 to Present
company  Aegis school of Data  Business
description  Data Science Intern Nov 2015 to Jan 2016

Furnish executive leadership team with insights analytics reports and recommendations enabling effective strategic planning across all business units distribution channels and product lines

 Chat Bot using AWS LEX and Tensor flow  Python
The goal of project creates a chat bot for an academic institution or university to handle queries related courses offered by that institute The objective of this task is to reduce human efforts as well as reduce man made errors Even by this companies handle their client 24x7 In this case companies are academic institutions and clients are participants or students
 Web scraping using Selenium web driver   Python
The task is to scrap the data from the online messaging portal in a text format and have to find the pattern form it
 Data Visualization and Data insights   Hadoop Eco System Hive PySpark QlikSense
The goal of this project is to build a Business Solutions to a Internet Service Provider Company like handling data which is generated per day basis for that we have to visualize that data and find the usage pattern form it and have a generate a reports
 Image Based Fraud Detection   Microsoft Face API PySpark Open CV
The main goal of project is Recognize similarity for a face to given Database images Face recognition is the recognizing a special face from set of different faces Face is extracted and then compared with the database Image if that Image recognized then the person already applied for loan from somewhere else and now hiding his or her identity this is how we are going to prevent the frauds in the initial stage itself
 Churn Analysis for Internet Service Provider   R Python Machine Learning Hadoop
The objective is to identify the customer who is likely to churn in a given period of time we have to pretend the customer giving incentive offers
 Sentiment Analysis   Python NLP Apache Spark service in IBM Bluemix
This project is highly emphasis on tweets from Twitter data were taken for mobile networks service provider to do a sentiment analysis and analyze whether the expressed opinion was positive negative or neutral capture the emotions of the tweets and comparative analysis

Quantifiable Results
 Mentored 712 Data Science Enthusiast each year that have all since gone on to graduate school in Data Science and Business Analytics
 Reviewed and evaluated 2040 Research Papers on Data Science for one of the largest Data Science Conference called Data Science Congress by Aegis School of Business Mumbai
 Heading a solution providing organization called Data Science Delivered into Aegis school of Data Science Mumbai and managed 45 live projects using Data Science techniques
 Working for some social cause with the help of Data Science for Social Goods Committee where our team developed a product called Lets find a missing Child for helping society
company  IBM India pvt ltd
description  Mostly worked on blumix and IBM Watson for Data science"
21,Data Science,"Skills  Programming Languages Python pandas numpy scipy scikitlearn matplotlib Sql Java JavaScriptJQuery  Machine learning Regression SVM Nave Bayes KNN Random Forest Decision Trees Boosting techniques Cluster Analysis Word Embedding Sentiment Analysis Natural Language processing Dimensionality reduction Topic Modelling LDA NMF PCA  Neural Nets  Database Visualizations Mysql SqlServer Cassandra Hbase ElasticSearch D3js DCjs Plotly kibana matplotlib ggplot Tableau  Others Regular Expression HTML CSS Angular 6 Logstash Kafka Python Flask Git Docker computer vision  Open CV and understanding of Deep learningEducation Details 

Data Science Assurance Associate 

Data Science Assurance Associate  Ernst  Young LLP
Skill Details 
JAVASCRIPT Exprience  24 months
jQuery Exprience  24 months
Python Exprience  24 monthsCompany Details 
company  Ernst  Young LLP
description  Fraud Investigations and Dispute Services   Assurance
TECHNOLOGY ASSISTED REVIEW
TAR Technology Assisted Review assists in accelerating the review process and run analytics and generate reports
 Core member of a team helped in developing automated review platform tool from scratch for assisting E discovery domain this tool implements predictive coding and topic modelling by automating reviews resulting in reduced labor costs and time spent during the lawyers review
 Understand the end to end flow of the solution doing research and development for classification models predictive analysis and mining of the information present in text data Worked on analyzing the outputs and precision monitoring for the entire tool
 TAR assists in predictive coding topic modelling from the evidence by following EY standards Developed the classifier models in order to identify red flags and fraudrelated issues

Tools  Technologies Python scikitlearn tfidf word2vec doc2vec cosine similarity Nave Bayes LDA NMF for topic modelling Vader and text blob for sentiment analysis Matplot lib Tableau dashboard for reporting

MULTIPLE DATA SCIENCE AND ANALYTIC PROJECTS USA CLIENTS
TEXT ANALYTICS  MOTOR VEHICLE CUSTOMER REVIEW DATA  Received customer feedback survey data for past one year Performed sentiment Positive Negative  Neutral and time series analysis on customer comments across all 4 categories
 Created heat map of terms by survey category based on frequency of words  Extracted Positive and Negative words across all the Survey categories and plotted Word cloud
 Created customized tableau dashboards for effective reporting and visualizations
CHATBOT  Developed a user friendly chatbot for one of our Products which handle simple questions about hours of operation reservation options and so on
 This chat bot serves entire product related questions Giving overview of tool via QA platform and also give recommendation responses so that user question to build chain of relevant answer
 This too has intelligence to build the pipeline of questions as per user requirement and asks the relevant recommended questions

Tools  Technologies Python Natural language processing NLTK spacy topic modelling Sentiment analysis Word Embedding scikitlearn JavaScriptJQuery SqlServer

INFORMATION GOVERNANCE
Organizations to make informed decisions about all of the information they store The integrated Information Governance portfolio synthesizes intelligence across unstructured data sources and facilitates action to ensure organizations are best positioned to counter information risk
 Scan data from multiple sources of formats and parse different file formats extract Meta data information push results for indexing elastic search and created customized interactive dashboards using kibana
 Preforming ROT Analysis on the data which give information of data which helps identify content that is either Redundant Outdated or Trivial
 Preforming fulltext search analysis on elastic search with predefined methods which can tag as PII personally identifiable information social security numbers addresses names etc which frequently targeted during cyberattacks
Tools  Technologies Python Flask Elastic Search Kibana

FRAUD ANALYTIC PLATFORM
Fraud Analytics and investigative platform to review all red flag cases
 FAP is a Fraud Analytics and investigative platform with inbuilt case manager and suite of Analytics for various ERP systems
 It can be used by clients to interrogate their Accounting systems for identifying the anomalies which can be indicators of fraud by running advanced analytics
Tools  Technologies HTML JavaScript SqlServer JQuery CSS Bootstrap Nodejs D3js DCjs"
22,Data Science,"Education Details 
May 2013 to May 2017 BE   UITRGPV
Data Scientist 

Data Scientist  Matelabs
Skill Details 
Python Exprience  Less than 1 year months
Statsmodels Exprience  12 months
AWS Exprience  Less than 1 year months
Machine learning Exprience  Less than 1 year months
Sklearn Exprience  Less than 1 year months
Scipy Exprience  Less than 1 year months
Keras Exprience  Less than 1 year monthsCompany Details 
company  Matelabs
description  ML Platform for business professionals dummies and enthusiasts
60A Koramangala 5th block
AchievementsTasks behind sukh sagar Bengaluru
India                               Developed and deployed auto preprocessing steps of machine learning mainly missing value
treatment outlier detection encoding scaling feature selection and dimensionality reduction
Deployed automated classification and regression model
linkedincominadityarathore
b4600b146                           Reasearch and deployed the time series forecasting model ARIMA SARIMAX Holtwinter and
Prophet
Worked on metafeature extracting problem
githubcomrathorology
Implemented a state of the art research paper on outlier detection for mixed attributes
company  Matelabs
description  "
23,Data Science,"Areas of Interest Deep Learning Control System Design Programming inPython Electric Machinery Web Development Analytics Technical Activities q Hindustan Aeronautics Limited Bangalore  For 4 weeks under the guidance of Mr Satish Senior Engineer in the hangar of Mirage 2000 fighter aircraft Technical Skills Programming Matlab Python and Java LabView Python WebFrameWorkDjango Flask LTSPICEintermediate Languages and and MIPOWERintermediate Github GitBash Jupyter Notebook Xampp MySQLBasics Python Software Packages InterpretersAnaconda Python2 Python3 Pycharm Java IDEEclipse Operating Systems Windows Ubuntu DebianKali Linux Education Details 
January 2019 BTech Electrical and Electronics Engineering  Manipal Institute of Technology
January 2015    DEEKSHA CENTER
January 2013    Little Flower Public School
August 2000    Manipal Academy of Higher
DATA SCIENCE 

DATA SCIENCE AND ELECTRICAL ENTHUSIAST
Skill Details 
Data Analysis Exprience  Less than 1 year months
excel Exprience  Less than 1 year months
Machine Learning Exprience  Less than 1 year months
mathematics Exprience  Less than 1 year months
Python Exprience  Less than 1 year months
Matlab Exprience  Less than 1 year months
Electrical Engineering Exprience  Less than 1 year months
Sql Exprience  Less than 1 year monthsCompany Details 
company  THEMATHCOMPANY
description  I am currently working with a Casino based operatorname not to be disclosed in MacauI need to segment the customers who visit their property based on the value the patrons bring into the companyBasically prove that the segmentation can be done in much better way than the current system which they have with proper numbers to back it upHenceforth they can implement target marketing strategy to attract their customers who add value to the business"
24,Data Science,"Skills  R  Python  SAP HANA  Tableau  SAP HANA SQL  SAP HANA PAL  MS SQL  SAP Lumira  C  Linear Programming  Data Modelling  Advance Analytics  SCM Analytics  Retail Analytics Social Media Analytics  NLP Education Details 
January 2017 to January 2018 PGDM Business Analytics  Great Lakes Institute of Management  Illinois Institute of Technology
January 2013 Bachelor of Engineering Electronics and Communication Bengaluru Karnataka New Horizon College of Engineering Bangalore Visvesvaraya Technological University
Data Science Consultant 

Consultant  Deloitte USI
Skill Details 
LINEAR PROGRAMMING Exprience  6 months
RETAIL Exprience  6 months
RETAIL MARKETING Exprience  6 months
SCM Exprience  6 months
SQL Exprience  Less than 1 year months
Deep Learning Exprience  Less than 1 year months
Machine learning Exprience  Less than 1 year months
Python Exprience  Less than 1 year months
R Exprience  Less than 1 year monthsCompany Details 
company  Deloitte USI
description  The project involved analysing historic deals and coming with insights to optimize future deals
Role Was given raw data carried out end to end analysis and presented insights to client
Key Responsibilities
 Extract data from client systems across geographies
 Understand and build reports in tableau Infer meaningful insights to optimize prices and find out process blockades
Technical Environment R Tableau

Industry Cross Industry
Service Area Cross Industry  Products
Project Name Handwriting recognition
Consultant 3 months
The project involved taking handwritten images and converting them to digital text images by object detection and sentence creation
Role I was developing sentence correction functionality
Key Responsibilities
 Gather data large enough to capture all English words
 Train LSTM models on words
Technical Environment Python

Industry Finance
Service Area Financial Services  BI development Project Name SWIFT
Consultant 8 months
The project was to develop an analytics infrastructure on top of SAP S4 it would user to view
financial reports to respective departments Reporting also included forecasting expenses
Role I was leading the offshore team
Key Responsibilities
 Design  Develop data models for reporting
 Develop ETL for data flow
 Validate various reports
Technical Environment SAP HANA Tableau SAP AO

Industry Healthcare Analytics
Service Area Life Sciences  Product development Project Name Clinical Healthcare System
Consultant 2 months
The project was to develop an analytics infrastructure on top of Argus it would allow users to query faster and provide advance analytics capabilities
Role I was involved from design to deploy phase performed a lot of data restructuring and built
models for insights
Key Responsibilities
 Design  Develop data models for reporting
 Develop and deploy analytical models
 Validate various reports
Technical Environment Data Modelling SAP HANA Tableau NLP

Industry FMCG
Service Area Trade  Promotion
Project Name Consumption Based Planning for Flowers Foods Consultant 8 months
The project involved setting up of CRM and CBP modules
Role I was involved in key data decomposition activities and setting up the base for future year
forecast Over the course of the project I developed various models and carried out key
performance improvements
Key Responsibilities
 Design  Develop HANA models for decomposition
 Develop data flow for forecast
 Developed various views for reporting of CustomerSalesFunds
 Validate various reports in BOBJ
Technical Environment Data Modelling SAP HANA BOBJ Time Series Forecasting

Internal Initiative Industry FMCG
Customer Segmentation and RFM analysis Consultant 3 months
The initiative involved setting up of HANAPython interface and advance analytics on Python Over the course I had successfully segmented data into five core segments using Kmeans and carried out RFM analysis in Python Also developed algorithm to categorize any new customer under the defined buckets
Technical Environment Anaconda3 Python36 HANA SPS12

Industry Telecom Invoice state detection Consultant 1 months
The initiative was to reduce the manual effort in verifying closed and open invoices manually it
involved development to a decision tree to classify openclosed invoices This enabled effort
reduction by 60
Technical Environment R SAP PAL SAP HANA SPS12

Accenture Experience
Industry Analytics  Cross Industry
In Process Analytics for SAP Senior Developer 19 months
Accenture Solutions Pvt Ltd India
The project involved development of SAP analytics tool  In Process Analytics IPA  My role was to develop database objects and data models to provide operational insights to clients
Role I have developed various Finance related KPIs and spearheaded various deployments
Introduced SAP Predictive analytics to reduce development time and reuse functionalities for KPIs and prepared production planning reports
Key Responsibilities
 Involved in information gather phase
 Designed and implemented SAP HANA data modelling using Attribute View Analytic View and
Calculation View
 Developed various KPIs individually using complex SQL scripts in Calculation views
 Created procedures in HANA Database
 Took ownership and developed Dashboard functionality
 Involved in building data processing algorithms to be executed in R server for cluster analysis
Technical Environment R SAP HANA TSQL
Industry Cross Industry
Accenture Testing Accelerator for SAP Database Developer 21 months
Accenture Solutions Pvt Ltd India
Role I have taken care of all development activities for the ATAS tool and have also completed
various deployments of the product
Apart from these activities I was also actively involved in maintenance of the database servers
Production  Quality
Key Responsibilities
 Analyzing business requirements understanding the scope getting requirements clarified
interacting with business and further transform all requirements to generate attribute
mapping documents and reviewing mapping specification documentation
 Create  Update database objects like tables views stored procedures function and packages
 Monitored SQL Server Error Logs and Application Logs through SQL Server Agent
 Prepared Data Flow Diagrams Entity Relationship Diagrams using UML
 Responsible for Designing developing and Normalization of database tables
 Experience in performance tuning using SQL profiler
 Involved in QA UAT knowledge transfer and support activities
Technical Environment SQL Server 20082014 Visual Studio 2010 Windows Server Performance
Monitor SQL Server Profiler C PLSQL TSQL"
25,Data Science,"Education Details 
 MCA   YMCAUST  Faridabad  Haryana
Data Science internship 


Skill Details 
Data Structure Exprience  Less than 1 year months
C Exprience  Less than 1 year months
Data Analysis Exprience  Less than 1 year months
Python Exprience  Less than 1 year months
Core Java Exprience  Less than 1 year months
Database Management Exprience  Less than 1 year monthsCompany Details 
company  Itechpower
description  "
26,Data Science,"SKILLS C Basics IOT Python MATLAB Data Science Machine Learning HTML Microsoft Word Microsoft Excel Microsoft Powerpoint RECOGNITION Academic Secured First place in BTechEducation Details 
August 2014 to May 2018 BTech  Ghatkesar Andhra Pradesh Auroras Scientific and Technological Institute
June 2012 to May 2014  Secondary Education Warangal Telangana SR Junior College
Data Science 


Skill Details 
MS OFFICE Exprience  Less than 1 year months
C Exprience  Less than 1 year months
machine learning Exprience  Less than 1 year months
data science Exprience  Less than 1 year months
Matlab Exprience  Less than 1 year monthsCompany Details 
company  
description  "
27,Data Science,"Skills  Python  Tableau  Data Visualization  R Studio  Machine Learning  Statistics IABAC Certified Data Scientist with versatile experience over 1 years in managing business data science consulting and leading innovation projects bringing business ideas to working real world solutions Being a strong advocator of augmented era where human capabilities are enhanced by machines Fahed is passionate about bringing business concepts in area of machine learning AI robotics etc to real life solutionsEducation Details 
January 2017 B Tech Computer Science  Engineering Mohali Punjab Indo Global College of Engineering
Data Science Consultant 

Data Science Consultant  Datamites
Skill Details 
MACHINE LEARNING Exprience  13 months
PYTHON Exprience  24 months
SOLUTIONS Exprience  24 months
DATA SCIENCE Exprience  24 months
DATA VISUALIZATION Exprience  24 months
Tableau Exprience  24 monthsCompany Details 
company  Datamites
description   Analyzed and processed complex data sets using advanced querying visualization and analytics tools
 Responsible for loading extracting and validation of client data
 Worked on manipulating cleaning  processing data using python
 Used Tableau for data visualization
company  Heretic Solutions Pvt Ltd
description   Worked closely with business to identify issues and used data to propose solutions for effective decision making
 Manipulating cleansing  processing data using Python Excel and R
 Analyzed raw data drawing conclusions  developing recommendations
 Used machine learning tools and statistical techniques to produce solutions to problems"
28,Data Science,"Education Details 
 BTech   Rayat and Bahra Institute of Engineering and Biotechnology
Data Science 

Data Science
Skill Details 
Numpy Exprience  Less than 1 year months
Machine Learning Exprience  Less than 1 year months
Tensorflow Exprience  Less than 1 year months
Scikit Exprience  Less than 1 year months
Python Exprience  Less than 1 year months
GCP Exprience  Less than 1 year months
Pandas Exprience  Less than 1 year months
Neural Network Exprience  Less than 1 year monthsCompany Details 
company  Wipro
description  Bhawana Aggarwal
EMailbhawanachdgmailcom
Phone 09876971076
VVersatile highenergy professional targeting challenging assignments in Machine
PROFILE SUMMARY
 An IT professional with knowledge and experience of 2 years in Wipro Technologies in Machine
Learning Deep Learning Data Science Python Software Development
 Skilled in managing endtoend development and software products  projects from inception requirement
specs planning designing implementation configuration and documentation
 Knowledge on Python  Machine Learning Deep Learning data Science Algorithms Neural Network
NLP GCP
 Knowledge on Python Libraries like Numpy Pandas Seaborn  Matplotlib Cufflinks
 Knowledge on different algorithms in Machine learning like KNN Decision Tree Bias variance Trade off
Support vector MachineSVMLogistic Regression Neural networks
 Have knowledge on unsupervised Supervised and reinforcement data
 Programming experience in relational platforms like MySQLOracle
 Have knowledge on Some programming language like CJava
 Experience in cloud based environment like Google Cloud
 Working on different Operating System like Linux Ubuntu Windows
 Good interpersonal and communication skills
 Problem solving skills with the ability to think laterally and to think with a medium term and long term
perspective
 Flexibility and an open attitude to change
 Ability to create define and own frameworks with a strong emphasis on code reusability
TECHNICAL SKILLS
Programming Languages Python C
Libraries Seaborn Numpy Pandas Cufflinks Matplotlib
Algorithms
KNN Decision Tree Linear regression Logistic Regression Neural Networks K means clustering
Tensorflow SVM
Databases SQL Oracle
Operating Systems Linux Window
Development Environments NetBeans Notebooks Sublime
Ticketing tools Service Now Remedy
Education
UG Education
BTech Computer Science from Rayat and Bahra Institute of Engineering and Biotechnology passed with 784in
2016
Schooling
XII in 2012 from Moti Ram Arya Sr Secondary SchoolPassed with 784
X in 2010 from Valley Public School Passed with 94 CGPA
WORK EXPERINCE
Title  Wipro Neural Intelligence Platform
Team Size  5
Brief Wipros Neural Intelligence Platform harnesses the power of automation and artificial intelligence
technologiesnatural language processing NLP cognitive machine learning and analytics The platform
comprises three layers a data engagement platform that can easily access and manage multiple structured and
unstructured data sources an intent assessment and reasoning engine that includes sentiment and predictive
analytics and a deep machine learning engine that can sense act and learn over time The project entailed
automating responses to user queries at the earliest The Monster Bot using the power of Deep Machine Learning
NLP to handle such queries User can see the how their queries can be answered quickly like allL1 activities can be
eliminated
Entity Extractor  This involves text extraction and NLP for fetching out important information from the text like
dates names places contact numbers etc This involves Regex Bluemix NLU apis and machine learning using
Tensor flow for further learning of new entities
Classifier This involves the classifications of classes training of dataset and predicting the output using the SKLearn
classifier MNB SVM SGD as Classifier and SGD for the optimization to map the user queries with the best
suited response and make the system efficient
NER A Deep Learning NER Model is trained to extract the entities from the text Entities like Roles Skills
Organizations can be extracted from raw text RNNLSTM Bidirectional model is trained for extracting such entities
using Keras TensorFlow framework
OTHER PROJECTS
Title  Diabetes Detection
Brief  Developed the software which can detect whether the person is suffering from Diabetes or not and got the third
prize in it
TRAINING AND CERTIFICATIONS
Title Python Training Machine Learning Data Science Deep Learning
Organization Udemy Coursera Machine Learning Deep Learning
Personal Profile
Fathers Name Mr Tirlok Aggarwal
Language Known  English  Hindi
Marital Status Single
Date of BirthGender19931220YYYYMMDD F
company  Wipro
description  Developing programs in Python
company  Wipro
description  Title  Wipro Neural Intelligence Platform
Team Size  5
Brief Wipros Neural Intelligence Platform harnesses the power of automation and artificial intelligence
technologiesnatural language processing NLP cognitive machine learning and analytics The platform
comprises three layers a data engagement platform that can easily access and manage multiple structured and
unstructured data sources an intent assessment and reasoning engine that includes sentiment and predictive
analytics and a deep machine learning engine that can sense act and learn over time The project entailed
automating responses to user queries at the earliest The Monster Bot using the power of Deep Machine Learning
NLP to handle such queries User can see the how their queries can be answered quickly like allL1 activities can be
eliminated
Entity Extractor  This involves text extraction and NLP for fetching out important information from the text like
dates names places contact numbers etc This involves Regex Bluemix NLU apis and machine learning using
Tensor flow for further learning of new entities
Classifier This involves the classifications of classes training of dataset and predicting the output using the SKLearn
classifier MNB SVM SGD as Classifier and SGD for the optimization to map the user queries with the best
suited response and make the system efficient
NER A Deep Learning NER Model is trained to extract the entities from the text Entities like Roles Skills
Organizations can be extracted from raw text RNNLSTM Bidirectional model is trained for extracting such entities
using Keras TensorFlow framework
company  Wipro Technologies
description  An IT professional with knowledge and experience of 2 years in Wipro Technologies in Machine
Learning Deep Learning Data Science Python Software Development
 Skilled in managing endtoend development and software products  projects from inception requirement
specs planning designing implementation configuration and documentation
 Knowledge on Python  Machine Learning Deep Learning data Science Algorithms Neural Network
NLP GCP
 Knowledge on Python Libraries like Numpy Pandas Seaborn  Matplotlib Cufflinks
 Knowledge on different algorithms in Machine learning like KNN Decision Tree Bias variance Trade off
Support vector MachineSVMLogistic Regression Neural networks
 Have knowledge on unsupervised Supervised and reinforcement data
 Programming experience in relational platforms like MySQLOracle
 Have knowledge on Some programming language like CJava
 Experience in cloud based environment like Google Cloud
 Working on different Operating System like Linux Ubuntu Windows
 Good interpersonal and communication skills
 Problem solving skills with the ability to think laterally and to think with a medium term and long term
perspective
 Flexibility and an open attitude to change
 Ability to create define and own frameworks with a strong emphasis on code reusability"
29,Data Science,"Personal Skills  Ability to quickly grasp technical aspects and willingness to learn  High energy levels  Result oriented Education Details 
January 2018 Master of Engineering Computer Technology  Application Bhopal Madhya Pradesh Truba Institute of Engineering  Information Technology
January 2010 BE computer science Bhopal Madhya Pradesh RKDF Institute of Science and Technology College of Engineering
January 2006 Polytechnic Information Technology Vidisha Madhya Pradesh SATI Engineering College in Vidisha
January 2003 Mtech Thesis Detail  BMCH School in Ganj basoda
Data science 

I have six month experience in Data Science Key Skills  Experience in Machine Learning Deep Leaning NLP Python SQL Web Scraping Good knowledge in computer subjects and ability to update
Skill Details 
Experience in Machine Learning Deep Learning NLP Python SQL Web Crawling HTMLCSS Exprience  Less than 1 year monthsCompany Details 
company  RNTAI Technology Solution
description  Text classification using Machine learning Algorithms with python
Practical knowledge of Deep learning algorithms such as Recurrent Neural NetworksRNN
Develop custom data models and algorithms to apply to dataset
Experience with Python packages like Pandas Scikitlearn Tensor Flow Numpy Matplotliv NLTK
Comfort with SQL MYSQL
Sentiment analysis
Apply leave Dataset using classification technique like Tfidf  LSA with cosine similarity using Machine learning Algorithms
Web crawling using Selenium web driver and Beautiful Soup with python
company  Life Insurance Corporation of India Bhopal
description  Explaining policy features and the benefits
 Updated knowledge of life insurance products and shared with customers"
30,Data Science,"Expertise  Data and Quantitative Analysis  Decision Analytics  Predictive Modeling  DataDriven Personalization  KPI Dashboards  Big Data Queries and Interpretation  Data Mining and Visualization Tools  Machine Learning Algorithms  Business Intelligence BI  Research Reports and Forecasts Education Details 
 PGP in Data Science  Mumbai Maharashtra Aegis School of data science  Business
 BE in Electronics  Communication Electronics  Communication Indore Madhya Pradesh IES IPS Academy
Data Scientist 

Data Scientist with PR Canada
Skill Details 
Algorithms Exprience  6 months
BI Exprience  6 months
Business Intelligence Exprience  6 months
Machine Learning Exprience  24 months
Visualization Exprience  24 months
spark Exprience  24 months
python Exprience  36 months
tableau Exprience  36 months
Data Analysis Exprience  24 monthsCompany Details 
company  Aegis school of Data Science  Business
description  Mostly working on industry project for providing solution along with Teaching Appointments Teach undergraduate and graduatelevel courses in Spark and Machine Learning as an adjunct faculty member at Aegis School of Data Science Mumbai 2017 to Present
company  Aegis school of Data  Business
description  Data Science Intern Nov 2015 to Jan 2016

Furnish executive leadership team with insights analytics reports and recommendations enabling effective strategic planning across all business units distribution channels and product lines

 Chat Bot using AWS LEX and Tensor flow  Python
The goal of project creates a chat bot for an academic institution or university to handle queries related courses offered by that institute The objective of this task is to reduce human efforts as well as reduce man made errors Even by this companies handle their client 24x7 In this case companies are academic institutions and clients are participants or students
 Web scraping using Selenium web driver   Python
The task is to scrap the data from the online messaging portal in a text format and have to find the pattern form it
 Data Visualization and Data insights   Hadoop Eco System Hive PySpark QlikSense
The goal of this project is to build a Business Solutions to a Internet Service Provider Company like handling data which is generated per day basis for that we have to visualize that data and find the usage pattern form it and have a generate a reports
 Image Based Fraud Detection   Microsoft Face API PySpark Open CV
The main goal of project is Recognize similarity for a face to given Database images Face recognition is the recognizing a special face from set of different faces Face is extracted and then compared with the database Image if that Image recognized then the person already applied for loan from somewhere else and now hiding his or her identity this is how we are going to prevent the frauds in the initial stage itself
 Churn Analysis for Internet Service Provider   R Python Machine Learning Hadoop
The objective is to identify the customer who is likely to churn in a given period of time we have to pretend the customer giving incentive offers
 Sentiment Analysis   Python NLP Apache Spark service in IBM Bluemix
This project is highly emphasis on tweets from Twitter data were taken for mobile networks service provider to do a sentiment analysis and analyze whether the expressed opinion was positive negative or neutral capture the emotions of the tweets and comparative analysis

Quantifiable Results
 Mentored 712 Data Science Enthusiast each year that have all since gone on to graduate school in Data Science and Business Analytics
 Reviewed and evaluated 2040 Research Papers on Data Science for one of the largest Data Science Conference called Data Science Congress by Aegis School of Business Mumbai
 Heading a solution providing organization called Data Science Delivered into Aegis school of Data Science Mumbai and managed 45 live projects using Data Science techniques
 Working for some social cause with the help of Data Science for Social Goods Committee where our team developed a product called Lets find a missing Child for helping society
company  IBM India pvt ltd
description  Mostly worked on blumix and IBM Watson for Data science"
31,Data Science,"Skills  Programming Languages Python pandas numpy scipy scikitlearn matplotlib Sql Java JavaScriptJQuery  Machine learning Regression SVM Nave Bayes KNN Random Forest Decision Trees Boosting techniques Cluster Analysis Word Embedding Sentiment Analysis Natural Language processing Dimensionality reduction Topic Modelling LDA NMF PCA  Neural Nets  Database Visualizations Mysql SqlServer Cassandra Hbase ElasticSearch D3js DCjs Plotly kibana matplotlib ggplot Tableau  Others Regular Expression HTML CSS Angular 6 Logstash Kafka Python Flask Git Docker computer vision  Open CV and understanding of Deep learningEducation Details 

Data Science Assurance Associate 

Data Science Assurance Associate  Ernst  Young LLP
Skill Details 
JAVASCRIPT Exprience  24 months
jQuery Exprience  24 months
Python Exprience  24 monthsCompany Details 
company  Ernst  Young LLP
description  Fraud Investigations and Dispute Services   Assurance
TECHNOLOGY ASSISTED REVIEW
TAR Technology Assisted Review assists in accelerating the review process and run analytics and generate reports
 Core member of a team helped in developing automated review platform tool from scratch for assisting E discovery domain this tool implements predictive coding and topic modelling by automating reviews resulting in reduced labor costs and time spent during the lawyers review
 Understand the end to end flow of the solution doing research and development for classification models predictive analysis and mining of the information present in text data Worked on analyzing the outputs and precision monitoring for the entire tool
 TAR assists in predictive coding topic modelling from the evidence by following EY standards Developed the classifier models in order to identify red flags and fraudrelated issues

Tools  Technologies Python scikitlearn tfidf word2vec doc2vec cosine similarity Nave Bayes LDA NMF for topic modelling Vader and text blob for sentiment analysis Matplot lib Tableau dashboard for reporting

MULTIPLE DATA SCIENCE AND ANALYTIC PROJECTS USA CLIENTS
TEXT ANALYTICS  MOTOR VEHICLE CUSTOMER REVIEW DATA  Received customer feedback survey data for past one year Performed sentiment Positive Negative  Neutral and time series analysis on customer comments across all 4 categories
 Created heat map of terms by survey category based on frequency of words  Extracted Positive and Negative words across all the Survey categories and plotted Word cloud
 Created customized tableau dashboards for effective reporting and visualizations
CHATBOT  Developed a user friendly chatbot for one of our Products which handle simple questions about hours of operation reservation options and so on
 This chat bot serves entire product related questions Giving overview of tool via QA platform and also give recommendation responses so that user question to build chain of relevant answer
 This too has intelligence to build the pipeline of questions as per user requirement and asks the relevant recommended questions

Tools  Technologies Python Natural language processing NLTK spacy topic modelling Sentiment analysis Word Embedding scikitlearn JavaScriptJQuery SqlServer

INFORMATION GOVERNANCE
Organizations to make informed decisions about all of the information they store The integrated Information Governance portfolio synthesizes intelligence across unstructured data sources and facilitates action to ensure organizations are best positioned to counter information risk
 Scan data from multiple sources of formats and parse different file formats extract Meta data information push results for indexing elastic search and created customized interactive dashboards using kibana
 Preforming ROT Analysis on the data which give information of data which helps identify content that is either Redundant Outdated or Trivial
 Preforming fulltext search analysis on elastic search with predefined methods which can tag as PII personally identifiable information social security numbers addresses names etc which frequently targeted during cyberattacks
Tools  Technologies Python Flask Elastic Search Kibana

FRAUD ANALYTIC PLATFORM
Fraud Analytics and investigative platform to review all red flag cases
 FAP is a Fraud Analytics and investigative platform with inbuilt case manager and suite of Analytics for various ERP systems
 It can be used by clients to interrogate their Accounting systems for identifying the anomalies which can be indicators of fraud by running advanced analytics
Tools  Technologies HTML JavaScript SqlServer JQuery CSS Bootstrap Nodejs D3js DCjs"
32,Data Science,"Education Details 
May 2013 to May 2017 BE   UITRGPV
Data Scientist 

Data Scientist  Matelabs
Skill Details 
Python Exprience  Less than 1 year months
Statsmodels Exprience  12 months
AWS Exprience  Less than 1 year months
Machine learning Exprience  Less than 1 year months
Sklearn Exprience  Less than 1 year months
Scipy Exprience  Less than 1 year months
Keras Exprience  Less than 1 year monthsCompany Details 
company  Matelabs
description  ML Platform for business professionals dummies and enthusiasts
60A Koramangala 5th block
AchievementsTasks behind sukh sagar Bengaluru
India                               Developed and deployed auto preprocessing steps of machine learning mainly missing value
treatment outlier detection encoding scaling feature selection and dimensionality reduction
Deployed automated classification and regression model
linkedincominadityarathore
b4600b146                           Reasearch and deployed the time series forecasting model ARIMA SARIMAX Holtwinter and
Prophet
Worked on metafeature extracting problem
githubcomrathorology
Implemented a state of the art research paper on outlier detection for mixed attributes
company  Matelabs
description  "
33,Data Science,"Areas of Interest Deep Learning Control System Design Programming inPython Electric Machinery Web Development Analytics Technical Activities q Hindustan Aeronautics Limited Bangalore  For 4 weeks under the guidance of Mr Satish Senior Engineer in the hangar of Mirage 2000 fighter aircraft Technical Skills Programming Matlab Python and Java LabView Python WebFrameWorkDjango Flask LTSPICEintermediate Languages and and MIPOWERintermediate Github GitBash Jupyter Notebook Xampp MySQLBasics Python Software Packages InterpretersAnaconda Python2 Python3 Pycharm Java IDEEclipse Operating Systems Windows Ubuntu DebianKali Linux Education Details 
January 2019 BTech Electrical and Electronics Engineering  Manipal Institute of Technology
January 2015    DEEKSHA CENTER
January 2013    Little Flower Public School
August 2000    Manipal Academy of Higher
DATA SCIENCE 

DATA SCIENCE AND ELECTRICAL ENTHUSIAST
Skill Details 
Data Analysis Exprience  Less than 1 year months
excel Exprience  Less than 1 year months
Machine Learning Exprience  Less than 1 year months
mathematics Exprience  Less than 1 year months
Python Exprience  Less than 1 year months
Matlab Exprience  Less than 1 year months
Electrical Engineering Exprience  Less than 1 year months
Sql Exprience  Less than 1 year monthsCompany Details 
company  THEMATHCOMPANY
description  I am currently working with a Casino based operatorname not to be disclosed in MacauI need to segment the customers who visit their property based on the value the patrons bring into the companyBasically prove that the segmentation can be done in much better way than the current system which they have with proper numbers to back it upHenceforth they can implement target marketing strategy to attract their customers who add value to the business"
34,Data Science,"Skills  R  Python  SAP HANA  Tableau  SAP HANA SQL  SAP HANA PAL  MS SQL  SAP Lumira  C  Linear Programming  Data Modelling  Advance Analytics  SCM Analytics  Retail Analytics Social Media Analytics  NLP Education Details 
January 2017 to January 2018 PGDM Business Analytics  Great Lakes Institute of Management  Illinois Institute of Technology
January 2013 Bachelor of Engineering Electronics and Communication Bengaluru Karnataka New Horizon College of Engineering Bangalore Visvesvaraya Technological University
Data Science Consultant 

Consultant  Deloitte USI
Skill Details 
LINEAR PROGRAMMING Exprience  6 months
RETAIL Exprience  6 months
RETAIL MARKETING Exprience  6 months
SCM Exprience  6 months
SQL Exprience  Less than 1 year months
Deep Learning Exprience  Less than 1 year months
Machine learning Exprience  Less than 1 year months
Python Exprience  Less than 1 year months
R Exprience  Less than 1 year monthsCompany Details 
company  Deloitte USI
description  The project involved analysing historic deals and coming with insights to optimize future deals
Role Was given raw data carried out end to end analysis and presented insights to client
Key Responsibilities
 Extract data from client systems across geographies
 Understand and build reports in tableau Infer meaningful insights to optimize prices and find out process blockades
Technical Environment R Tableau

Industry Cross Industry
Service Area Cross Industry  Products
Project Name Handwriting recognition
Consultant 3 months
The project involved taking handwritten images and converting them to digital text images by object detection and sentence creation
Role I was developing sentence correction functionality
Key Responsibilities
 Gather data large enough to capture all English words
 Train LSTM models on words
Technical Environment Python

Industry Finance
Service Area Financial Services  BI development Project Name SWIFT
Consultant 8 months
The project was to develop an analytics infrastructure on top of SAP S4 it would user to view
financial reports to respective departments Reporting also included forecasting expenses
Role I was leading the offshore team
Key Responsibilities
 Design  Develop data models for reporting
 Develop ETL for data flow
 Validate various reports
Technical Environment SAP HANA Tableau SAP AO

Industry Healthcare Analytics
Service Area Life Sciences  Product development Project Name Clinical Healthcare System
Consultant 2 months
The project was to develop an analytics infrastructure on top of Argus it would allow users to query faster and provide advance analytics capabilities
Role I was involved from design to deploy phase performed a lot of data restructuring and built
models for insights
Key Responsibilities
 Design  Develop data models for reporting
 Develop and deploy analytical models
 Validate various reports
Technical Environment Data Modelling SAP HANA Tableau NLP

Industry FMCG
Service Area Trade  Promotion
Project Name Consumption Based Planning for Flowers Foods Consultant 8 months
The project involved setting up of CRM and CBP modules
Role I was involved in key data decomposition activities and setting up the base for future year
forecast Over the course of the project I developed various models and carried out key
performance improvements
Key Responsibilities
 Design  Develop HANA models for decomposition
 Develop data flow for forecast
 Developed various views for reporting of CustomerSalesFunds
 Validate various reports in BOBJ
Technical Environment Data Modelling SAP HANA BOBJ Time Series Forecasting

Internal Initiative Industry FMCG
Customer Segmentation and RFM analysis Consultant 3 months
The initiative involved setting up of HANAPython interface and advance analytics on Python Over the course I had successfully segmented data into five core segments using Kmeans and carried out RFM analysis in Python Also developed algorithm to categorize any new customer under the defined buckets
Technical Environment Anaconda3 Python36 HANA SPS12

Industry Telecom Invoice state detection Consultant 1 months
The initiative was to reduce the manual effort in verifying closed and open invoices manually it
involved development to a decision tree to classify openclosed invoices This enabled effort
reduction by 60
Technical Environment R SAP PAL SAP HANA SPS12

Accenture Experience
Industry Analytics  Cross Industry
In Process Analytics for SAP Senior Developer 19 months
Accenture Solutions Pvt Ltd India
The project involved development of SAP analytics tool  In Process Analytics IPA  My role was to develop database objects and data models to provide operational insights to clients
Role I have developed various Finance related KPIs and spearheaded various deployments
Introduced SAP Predictive analytics to reduce development time and reuse functionalities for KPIs and prepared production planning reports
Key Responsibilities
 Involved in information gather phase
 Designed and implemented SAP HANA data modelling using Attribute View Analytic View and
Calculation View
 Developed various KPIs individually using complex SQL scripts in Calculation views
 Created procedures in HANA Database
 Took ownership and developed Dashboard functionality
 Involved in building data processing algorithms to be executed in R server for cluster analysis
Technical Environment R SAP HANA TSQL
Industry Cross Industry
Accenture Testing Accelerator for SAP Database Developer 21 months
Accenture Solutions Pvt Ltd India
Role I have taken care of all development activities for the ATAS tool and have also completed
various deployments of the product
Apart from these activities I was also actively involved in maintenance of the database servers
Production  Quality
Key Responsibilities
 Analyzing business requirements understanding the scope getting requirements clarified
interacting with business and further transform all requirements to generate attribute
mapping documents and reviewing mapping specification documentation
 Create  Update database objects like tables views stored procedures function and packages
 Monitored SQL Server Error Logs and Application Logs through SQL Server Agent
 Prepared Data Flow Diagrams Entity Relationship Diagrams using UML
 Responsible for Designing developing and Normalization of database tables
 Experience in performance tuning using SQL profiler
 Involved in QA UAT knowledge transfer and support activities
Technical Environment SQL Server 20082014 Visual Studio 2010 Windows Server Performance
Monitor SQL Server Profiler C PLSQL TSQL"
35,Data Science,"Education Details 
 MCA   YMCAUST  Faridabad  Haryana
Data Science internship 


Skill Details 
Data Structure Exprience  Less than 1 year months
C Exprience  Less than 1 year months
Data Analysis Exprience  Less than 1 year months
Python Exprience  Less than 1 year months
Core Java Exprience  Less than 1 year months
Database Management Exprience  Less than 1 year monthsCompany Details 
company  Itechpower
description  "
36,Data Science,"SKILLS C Basics IOT Python MATLAB Data Science Machine Learning HTML Microsoft Word Microsoft Excel Microsoft Powerpoint RECOGNITION Academic Secured First place in BTechEducation Details 
August 2014 to May 2018 BTech  Ghatkesar Andhra Pradesh Auroras Scientific and Technological Institute
June 2012 to May 2014  Secondary Education Warangal Telangana SR Junior College
Data Science 


Skill Details 
MS OFFICE Exprience  Less than 1 year months
C Exprience  Less than 1 year months
machine learning Exprience  Less than 1 year months
data science Exprience  Less than 1 year months
Matlab Exprience  Less than 1 year monthsCompany Details 
company  
description  "
37,Data Science,"Skills  Python  Tableau  Data Visualization  R Studio  Machine Learning  Statistics IABAC Certified Data Scientist with versatile experience over 1 years in managing business data science consulting and leading innovation projects bringing business ideas to working real world solutions Being a strong advocator of augmented era where human capabilities are enhanced by machines Fahed is passionate about bringing business concepts in area of machine learning AI robotics etc to real life solutionsEducation Details 
January 2017 B Tech Computer Science  Engineering Mohali Punjab Indo Global College of Engineering
Data Science Consultant 

Data Science Consultant  Datamites
Skill Details 
MACHINE LEARNING Exprience  13 months
PYTHON Exprience  24 months
SOLUTIONS Exprience  24 months
DATA SCIENCE Exprience  24 months
DATA VISUALIZATION Exprience  24 months
Tableau Exprience  24 monthsCompany Details 
company  Datamites
description   Analyzed and processed complex data sets using advanced querying visualization and analytics tools
 Responsible for loading extracting and validation of client data
 Worked on manipulating cleaning  processing data using python
 Used Tableau for data visualization
company  Heretic Solutions Pvt Ltd
description   Worked closely with business to identify issues and used data to propose solutions for effective decision making
 Manipulating cleansing  processing data using Python Excel and R
 Analyzed raw data drawing conclusions  developing recommendations
 Used machine learning tools and statistical techniques to produce solutions to problems"
38,Data Science,"Education Details 
 BTech   Rayat and Bahra Institute of Engineering and Biotechnology
Data Science 

Data Science
Skill Details 
Numpy Exprience  Less than 1 year months
Machine Learning Exprience  Less than 1 year months
Tensorflow Exprience  Less than 1 year months
Scikit Exprience  Less than 1 year months
Python Exprience  Less than 1 year months
GCP Exprience  Less than 1 year months
Pandas Exprience  Less than 1 year months
Neural Network Exprience  Less than 1 year monthsCompany Details 
company  Wipro
description  Bhawana Aggarwal
EMailbhawanachdgmailcom
Phone 09876971076
VVersatile highenergy professional targeting challenging assignments in Machine
PROFILE SUMMARY
 An IT professional with knowledge and experience of 2 years in Wipro Technologies in Machine
Learning Deep Learning Data Science Python Software Development
 Skilled in managing endtoend development and software products  projects from inception requirement
specs planning designing implementation configuration and documentation
 Knowledge on Python  Machine Learning Deep Learning data Science Algorithms Neural Network
NLP GCP
 Knowledge on Python Libraries like Numpy Pandas Seaborn  Matplotlib Cufflinks
 Knowledge on different algorithms in Machine learning like KNN Decision Tree Bias variance Trade off
Support vector MachineSVMLogistic Regression Neural networks
 Have knowledge on unsupervised Supervised and reinforcement data
 Programming experience in relational platforms like MySQLOracle
 Have knowledge on Some programming language like CJava
 Experience in cloud based environment like Google Cloud
 Working on different Operating System like Linux Ubuntu Windows
 Good interpersonal and communication skills
 Problem solving skills with the ability to think laterally and to think with a medium term and long term
perspective
 Flexibility and an open attitude to change
 Ability to create define and own frameworks with a strong emphasis on code reusability
TECHNICAL SKILLS
Programming Languages Python C
Libraries Seaborn Numpy Pandas Cufflinks Matplotlib
Algorithms
KNN Decision Tree Linear regression Logistic Regression Neural Networks K means clustering
Tensorflow SVM
Databases SQL Oracle
Operating Systems Linux Window
Development Environments NetBeans Notebooks Sublime
Ticketing tools Service Now Remedy
Education
UG Education
BTech Computer Science from Rayat and Bahra Institute of Engineering and Biotechnology passed with 784in
2016
Schooling
XII in 2012 from Moti Ram Arya Sr Secondary SchoolPassed with 784
X in 2010 from Valley Public School Passed with 94 CGPA
WORK EXPERINCE
Title  Wipro Neural Intelligence Platform
Team Size  5
Brief Wipros Neural Intelligence Platform harnesses the power of automation and artificial intelligence
technologiesnatural language processing NLP cognitive machine learning and analytics The platform
comprises three layers a data engagement platform that can easily access and manage multiple structured and
unstructured data sources an intent assessment and reasoning engine that includes sentiment and predictive
analytics and a deep machine learning engine that can sense act and learn over time The project entailed
automating responses to user queries at the earliest The Monster Bot using the power of Deep Machine Learning
NLP to handle such queries User can see the how their queries can be answered quickly like allL1 activities can be
eliminated
Entity Extractor  This involves text extraction and NLP for fetching out important information from the text like
dates names places contact numbers etc This involves Regex Bluemix NLU apis and machine learning using
Tensor flow for further learning of new entities
Classifier This involves the classifications of classes training of dataset and predicting the output using the SKLearn
classifier MNB SVM SGD as Classifier and SGD for the optimization to map the user queries with the best
suited response and make the system efficient
NER A Deep Learning NER Model is trained to extract the entities from the text Entities like Roles Skills
Organizations can be extracted from raw text RNNLSTM Bidirectional model is trained for extracting such entities
using Keras TensorFlow framework
OTHER PROJECTS
Title  Diabetes Detection
Brief  Developed the software which can detect whether the person is suffering from Diabetes or not and got the third
prize in it
TRAINING AND CERTIFICATIONS
Title Python Training Machine Learning Data Science Deep Learning
Organization Udemy Coursera Machine Learning Deep Learning
Personal Profile
Fathers Name Mr Tirlok Aggarwal
Language Known  English  Hindi
Marital Status Single
Date of BirthGender19931220YYYYMMDD F
company  Wipro
description  Developing programs in Python
company  Wipro
description  Title  Wipro Neural Intelligence Platform
Team Size  5
Brief Wipros Neural Intelligence Platform harnesses the power of automation and artificial intelligence
technologiesnatural language processing NLP cognitive machine learning and analytics The platform
comprises three layers a data engagement platform that can easily access and manage multiple structured and
unstructured data sources an intent assessment and reasoning engine that includes sentiment and predictive
analytics and a deep machine learning engine that can sense act and learn over time The project entailed
automating responses to user queries at the earliest The Monster Bot using the power of Deep Machine Learning
NLP to handle such queries User can see the how their queries can be answered quickly like allL1 activities can be
eliminated
Entity Extractor  This involves text extraction and NLP for fetching out important information from the text like
dates names places contact numbers etc This involves Regex Bluemix NLU apis and machine learning using
Tensor flow for further learning of new entities
Classifier This involves the classifications of classes training of dataset and predicting the output using the SKLearn
classifier MNB SVM SGD as Classifier and SGD for the optimization to map the user queries with the best
suited response and make the system efficient
NER A Deep Learning NER Model is trained to extract the entities from the text Entities like Roles Skills
Organizations can be extracted from raw text RNNLSTM Bidirectional model is trained for extracting such entities
using Keras TensorFlow framework
company  Wipro Technologies
description  An IT professional with knowledge and experience of 2 years in Wipro Technologies in Machine
Learning Deep Learning Data Science Python Software Development
 Skilled in managing endtoend development and software products  projects from inception requirement
specs planning designing implementation configuration and documentation
 Knowledge on Python  Machine Learning Deep Learning data Science Algorithms Neural Network
NLP GCP
 Knowledge on Python Libraries like Numpy Pandas Seaborn  Matplotlib Cufflinks
 Knowledge on different algorithms in Machine learning like KNN Decision Tree Bias variance Trade off
Support vector MachineSVMLogistic Regression Neural networks
 Have knowledge on unsupervised Supervised and reinforcement data
 Programming experience in relational platforms like MySQLOracle
 Have knowledge on Some programming language like CJava
 Experience in cloud based environment like Google Cloud
 Working on different Operating System like Linux Ubuntu Windows
 Good interpersonal and communication skills
 Problem solving skills with the ability to think laterally and to think with a medium term and long term
perspective
 Flexibility and an open attitude to change
 Ability to create define and own frameworks with a strong emphasis on code reusability"
39,Data Science,"Personal Skills  Ability to quickly grasp technical aspects and willingness to learn  High energy levels  Result oriented Education Details 
January 2018 Master of Engineering Computer Technology  Application Bhopal Madhya Pradesh Truba Institute of Engineering  Information Technology
January 2010 BE computer science Bhopal Madhya Pradesh RKDF Institute of Science and Technology College of Engineering
January 2006 Polytechnic Information Technology Vidisha Madhya Pradesh SATI Engineering College in Vidisha
January 2003 Mtech Thesis Detail  BMCH School in Ganj basoda
Data science 

I have six month experience in Data Science Key Skills  Experience in Machine Learning Deep Leaning NLP Python SQL Web Scraping Good knowledge in computer subjects and ability to update
Skill Details 
Experience in Machine Learning Deep Learning NLP Python SQL Web Crawling HTMLCSS Exprience  Less than 1 year monthsCompany Details 
company  RNTAI Technology Solution
description  Text classification using Machine learning Algorithms with python
Practical knowledge of Deep learning algorithms such as Recurrent Neural NetworksRNN
Develop custom data models and algorithms to apply to dataset
Experience with Python packages like Pandas Scikitlearn Tensor Flow Numpy Matplotliv NLTK
Comfort with SQL MYSQL
Sentiment analysis
Apply leave Dataset using classification technique like Tfidf  LSA with cosine similarity using Machine learning Algorithms
Web crawling using Selenium web driver and Beautiful Soup with python
company  Life Insurance Corporation of India Bhopal
description  Explaining policy features and the benefits
 Updated knowledge of life insurance products and shared with customers"
40,Data Science,"Expertise  Data and Quantitative Analysis  Decision Analytics  Predictive Modeling  DataDriven Personalization  KPI Dashboards  Big Data Queries and Interpretation  Data Mining and Visualization Tools  Machine Learning Algorithms  Business Intelligence BI  Research Reports and Forecasts Education Details 
 PGP in Data Science  Mumbai Maharashtra Aegis School of data science  Business
 BE in Electronics  Communication Electronics  Communication Indore Madhya Pradesh IES IPS Academy
Data Scientist 

Data Scientist with PR Canada
Skill Details 
Algorithms Exprience  6 months
BI Exprience  6 months
Business Intelligence Exprience  6 months
Machine Learning Exprience  24 months
Visualization Exprience  24 months
spark Exprience  24 months
python Exprience  36 months
tableau Exprience  36 months
Data Analysis Exprience  24 monthsCompany Details 
company  Aegis school of Data Science  Business
description  Mostly working on industry project for providing solution along with Teaching Appointments Teach undergraduate and graduatelevel courses in Spark and Machine Learning as an adjunct faculty member at Aegis School of Data Science Mumbai 2017 to Present
company  Aegis school of Data  Business
description  Data Science Intern Nov 2015 to Jan 2016

Furnish executive leadership team with insights analytics reports and recommendations enabling effective strategic planning across all business units distribution channels and product lines

 Chat Bot using AWS LEX and Tensor flow  Python
The goal of project creates a chat bot for an academic institution or university to handle queries related courses offered by that institute The objective of this task is to reduce human efforts as well as reduce man made errors Even by this companies handle their client 24x7 In this case companies are academic institutions and clients are participants or students
 Web scraping using Selenium web driver   Python
The task is to scrap the data from the online messaging portal in a text format and have to find the pattern form it
 Data Visualization and Data insights   Hadoop Eco System Hive PySpark QlikSense
The goal of this project is to build a Business Solutions to a Internet Service Provider Company like handling data which is generated per day basis for that we have to visualize that data and find the usage pattern form it and have a generate a reports
 Image Based Fraud Detection   Microsoft Face API PySpark Open CV
The main goal of project is Recognize similarity for a face to given Database images Face recognition is the recognizing a special face from set of different faces Face is extracted and then compared with the database Image if that Image recognized then the person already applied for loan from somewhere else and now hiding his or her identity this is how we are going to prevent the frauds in the initial stage itself
 Churn Analysis for Internet Service Provider   R Python Machine Learning Hadoop
The objective is to identify the customer who is likely to churn in a given period of time we have to pretend the customer giving incentive offers
 Sentiment Analysis   Python NLP Apache Spark service in IBM Bluemix
This project is highly emphasis on tweets from Twitter data were taken for mobile networks service provider to do a sentiment analysis and analyze whether the expressed opinion was positive negative or neutral capture the emotions of the tweets and comparative analysis

Quantifiable Results
 Mentored 712 Data Science Enthusiast each year that have all since gone on to graduate school in Data Science and Business Analytics
 Reviewed and evaluated 2040 Research Papers on Data Science for one of the largest Data Science Conference called Data Science Congress by Aegis School of Business Mumbai
 Heading a solution providing organization called Data Science Delivered into Aegis school of Data Science Mumbai and managed 45 live projects using Data Science techniques
 Working for some social cause with the help of Data Science for Social Goods Committee where our team developed a product called Lets find a missing Child for helping society
company  IBM India pvt ltd
description  Mostly worked on blumix and IBM Watson for Data science"
41,HR,"TECHNICAL SKILLS  Typewriting  TORA  SPSSEducation Details 
January 2017 MBA  Chidambaram Tamil Nadu SNS College of Engineering
January 2014 HSC   at SAV Higher Secondary School
 MBA   SNS College of Engineering
 SSLC Finance  at Kamaraj Matriculation School
HR 


Skill Details 
Human resource Finance Exprience  Less than 1 year monthsCompany Details 
company  
description  "
42,HR,"IT Skills  Windows XP Ms Office Word Excel Lookups Pivot table other basic functions  Power Point  Saral Payment Package payroll software  Internet ApplicationsEducation Details 
January 2006 Bachelor in Hospitality Management International Hospitality Management  Queen Margaret University Edinburg
January 2006 diploma Hotel Management  International Institute of Hotel Management
HR 


Skill Details 
Hr Management Exprience  Less than 1 year monthsCompany Details 
company  Atri Developers
description   HR Payroll Statutory Compliance Performance Management
company  
description  Employee Relations and Administration Creating industry specific Policies Procedure Forms Formats Letters Checklists etc

Payroll Management Salary restructuring to process payroll of 600 employees
 Validation of all input Attendance Leaves and Salaries before starting salary process
 Processing accurate  error free salary of employees
 Responsible for compensation and benefits administration
 Coordinate with Accounts team for salary processing
 Attendance  Leave record management
 Assuring prompt and satisfactory resolution of payroll related queries of all employees

Statutory Compliance Management
  Manage various statutory compliance requirements PF ESIC PT Gratuity TDS etc calculations deduction payment and return filing
 Generate statutory reports like Form 16 Form 24Q Conducting session with employees on Statutory Policies and procedure compliance related topics
 Shops and Commercial Establishments Act SE
 The Payment of Gratuity Act 1972
Recruitment and Selection Handling recruitment like job posting in naukri portal and coordination Create annual manpower plan and budget Screen and schedule preliminary interview Arrange for employee orientation Handling joining formalities and salary account opening formalities

Performance Management End to end facilitation of PMS starting from creating Job Description  Appraisal Forms to Disbursement of Letters KRA setting Midyear reviews Annual reviews handling all appraisal activities 360 Degree

Training and Development Conduct training need analysis and arrange various training session

Employee engagement and  Employee Welfare Creation and deployment  of Sales  Rewards and Recognition Schemes Periodic Interactive sessions like Monthly Birthday Celebration Annual Day Diwali Dhamaka Offsite etc
Working on Saral Payment Package payroll software as well as on excel
Assisting MD in HR works offering suggestions and answering employee queries on payroll compliance related issues other benefits insurance medical reimbursement  full  final settlement of resigned employees"
43,HR,"Education Details 
 BA   mumbai University
HR 


Skill Details 
Hr Operations Exprience  Less than 1 year monthsCompany Details 
company  Mumbai Monorail
description  "
44,HR,"Education Details 
June 2012 to May 2015 BA Economics Chennai Tamil Nadu Sdnbvc
Hr 


Skill Details 
Company Details 
company  Anything IT Solution
description  Hr"
45,HR,"Education Details 
June 2012 to May 2015 BA Economics Chennai Tamil Nadu Sdnbvc
Hr 


Skill Details 
Company Details 
company  Anything IT Solution
description  Hr"
46,HR,"Education Details 
 BBA   lovely professional university
HR 


Skill Details 
Communication Exprience  6 monthsCompany Details 
company  
description  "
47,HR,"Education Details 
 MBA   ACN College of engineering  mgt
HR 


Skill Details 
Company Details 
company  HR Assistant
description  "
48,HR,"KEY SKILLS  Computerized accounting with tally  Sincere  hard working  Management accounting  income tax  Good communication  leadership  Two and four wheeler driving license  Internet  Ecommerce management COMPUTER SKILLS  C Language  Web programing  Tally  Dbms Education Details 
June 2017 to June 2019 Mba Financehr India Mlrit
June 2014 to June 2017 Bcom Computer Hyderabad Telangana Osmania university
June 2012 to April 2014 Inter MEC India Srimedhav
Hr 

Nani
Skill Details 
accounting Exprience  6 months
DATABASE MANAGEMENT SYSTEM Exprience  6 months
Dbms Exprience  6 months
Management accounting Exprience  6 months
Ecommerce Exprience  6 monthsCompany Details 
company  Valuelabs
description  They will give the RRF form the required DLT then the hand over to RLT then scrum master will take the form from the RLT then scrum master will give the forms to trainee which we can work on the requirement till the candidate receive the offer from the company"
49,HR,"Training in Special Education Certificate Course Education Details 
July 2016 to October 2018 MSc Psychology with specialization in Organizational Behaviour Malappuram Kerala Calicut University
July 2013 to March 2016 BSc Psychology Thrissur Prajyoti Niketan College
HR 


Skill Details 
Company Details 
company  
description  I have done a 30 days internship in the HR department of Foster Hot Breads KINFRA Malappuram Kerala and I have also done a 60 days internship at Santhwana Institute of Counselling and Psychotherapy Cochin Kerala as Counsellor"
50,HR,"Computer Knowledge  Proficient in basic use of MS office  Microsoft Dynamics AX software  SAIBA softwareEducation Details 
 MBA   Distance education Bharathiar University
 BE   PA College of Engineering and Technology
 HSC   RVG Hr Sec School
 SSC   GHrSec School
HR 

Admin in Bharat
Skill Details 
DYNAMICS Exprience  6 months
DYNAMICS AX Exprience  6 months
MICROSOFT DYNAMICS Exprience  6 months
MICROSOFT DYNAMICS AX Exprience  6 months
MS OFFICE Exprience  6 monthsCompany Details 
company  Sri Ramesh Gaarment
description  Tirupur

Administration as well as clients service
Here corporate companies only insured so that knowledge gathered about
Garments spinning mills

 FEB 2018 to Still Sri Ramesh Gaarment Tirupur

HR Activities
Attendance maintenance Time cards maintenance
Staffs and labors individual records maintenance

Project
 Advanced automobile collision avoidance and blackbox in CAR"
51,HR,"SOFTWARE SKILLS  General Computer Proficiency  Program Langages known C C Java Web Programming  Tools  Software know MATLAB DBMS KEY STRENGTHS  Posses Good communication and analytic skills  Positive thinking Sincere Hard work Honesty Responsibility  Enthusiastic to learn new skills  take up new tasks  Self  motivated  Ready to accept challenges Education Details 
January 2014 to January 2017 BE in computer science and engineering computer science engineering  Adichunchanagiri institute of technology chikmagalur
HR 


Skill Details 
DATABASE MANAGEMENT SYSTEM Exprience  6 months
DBMS Exprience  6 months
JAVA Exprience  6 months
MATLAB Exprience  6 monthsCompany Details 
company  Yours Truly
description  Jayashree H K"
52,HR,"TECHNICAL SKILLS  Typewriting  TORA  SPSSEducation Details 
January 2017 MBA  Chidambaram Tamil Nadu SNS College of Engineering
January 2014 HSC   at SAV Higher Secondary School
 MBA   SNS College of Engineering
 SSLC Finance  at Kamaraj Matriculation School
HR 


Skill Details 
Human resource Finance Exprience  Less than 1 year monthsCompany Details 
company  
description  "
53,HR,"IT Skills  Windows XP Ms Office Word Excel Lookups Pivot table other basic functions  Power Point  Saral Payment Package payroll software  Internet ApplicationsEducation Details 
January 2006 Bachelor in Hospitality Management International Hospitality Management  Queen Margaret University Edinburg
January 2006 diploma Hotel Management  International Institute of Hotel Management
HR 


Skill Details 
Hr Management Exprience  Less than 1 year monthsCompany Details 
company  Atri Developers
description   HR Payroll Statutory Compliance Performance Management
company  
description  Employee Relations and Administration Creating industry specific Policies Procedure Forms Formats Letters Checklists etc

Payroll Management Salary restructuring to process payroll of 600 employees
 Validation of all input Attendance Leaves and Salaries before starting salary process
 Processing accurate  error free salary of employees
 Responsible for compensation and benefits administration
 Coordinate with Accounts team for salary processing
 Attendance  Leave record management
 Assuring prompt and satisfactory resolution of payroll related queries of all employees

Statutory Compliance Management
  Manage various statutory compliance requirements PF ESIC PT Gratuity TDS etc calculations deduction payment and return filing
 Generate statutory reports like Form 16 Form 24Q Conducting session with employees on Statutory Policies and procedure compliance related topics
 Shops and Commercial Establishments Act SE
 The Payment of Gratuity Act 1972
Recruitment and Selection Handling recruitment like job posting in naukri portal and coordination Create annual manpower plan and budget Screen and schedule preliminary interview Arrange for employee orientation Handling joining formalities and salary account opening formalities

Performance Management End to end facilitation of PMS starting from creating Job Description  Appraisal Forms to Disbursement of Letters KRA setting Midyear reviews Annual reviews handling all appraisal activities 360 Degree

Training and Development Conduct training need analysis and arrange various training session

Employee engagement and  Employee Welfare Creation and deployment  of Sales  Rewards and Recognition Schemes Periodic Interactive sessions like Monthly Birthday Celebration Annual Day Diwali Dhamaka Offsite etc
Working on Saral Payment Package payroll software as well as on excel
Assisting MD in HR works offering suggestions and answering employee queries on payroll compliance related issues other benefits insurance medical reimbursement  full  final settlement of resigned employees"
54,HR,"Education Details 
 BA   mumbai University
HR 


Skill Details 
Hr Operations Exprience  Less than 1 year monthsCompany Details 
company  Mumbai Monorail
description  "
55,HR,"Education Details 
June 2012 to May 2015 BA Economics Chennai Tamil Nadu Sdnbvc
Hr 


Skill Details 
Company Details 
company  Anything IT Solution
description  Hr"
56,HR,"Education Details 
June 2012 to May 2015 BA Economics Chennai Tamil Nadu Sdnbvc
Hr 


Skill Details 
Company Details 
company  Anything IT Solution
description  Hr"
57,HR,"Education Details 
 BBA   lovely professional university
HR 


Skill Details 
Communication Exprience  6 monthsCompany Details 
company  
description  "
58,HR,"Education Details 
 MBA   ACN College of engineering  mgt
HR 


Skill Details 
Company Details 
company  HR Assistant
description  "
59,HR,"KEY SKILLS  Computerized accounting with tally  Sincere  hard working  Management accounting  income tax  Good communication  leadership  Two and four wheeler driving license  Internet  Ecommerce management COMPUTER SKILLS  C Language  Web programing  Tally  Dbms Education Details 
June 2017 to June 2019 Mba Financehr India Mlrit
June 2014 to June 2017 Bcom Computer Hyderabad Telangana Osmania university
June 2012 to April 2014 Inter MEC India Srimedhav
Hr 

Nani
Skill Details 
accounting Exprience  6 months
DATABASE MANAGEMENT SYSTEM Exprience  6 months
Dbms Exprience  6 months
Management accounting Exprience  6 months
Ecommerce Exprience  6 monthsCompany Details 
company  Valuelabs
description  They will give the RRF form the required DLT then the hand over to RLT then scrum master will take the form from the RLT then scrum master will give the forms to trainee which we can work on the requirement till the candidate receive the offer from the company"
60,HR,"Training in Special Education Certificate Course Education Details 
July 2016 to October 2018 MSc Psychology with specialization in Organizational Behaviour Malappuram Kerala Calicut University
July 2013 to March 2016 BSc Psychology Thrissur Prajyoti Niketan College
HR 


Skill Details 
Company Details 
company  
description  I have done a 30 days internship in the HR department of Foster Hot Breads KINFRA Malappuram Kerala and I have also done a 60 days internship at Santhwana Institute of Counselling and Psychotherapy Cochin Kerala as Counsellor"
61,HR,"Computer Knowledge  Proficient in basic use of MS office  Microsoft Dynamics AX software  SAIBA softwareEducation Details 
 MBA   Distance education Bharathiar University
 BE   PA College of Engineering and Technology
 HSC   RVG Hr Sec School
 SSC   GHrSec School
HR 

Admin in Bharat
Skill Details 
DYNAMICS Exprience  6 months
DYNAMICS AX Exprience  6 months
MICROSOFT DYNAMICS Exprience  6 months
MICROSOFT DYNAMICS AX Exprience  6 months
MS OFFICE Exprience  6 monthsCompany Details 
company  Sri Ramesh Gaarment
description  Tirupur

Administration as well as clients service
Here corporate companies only insured so that knowledge gathered about
Garments spinning mills

 FEB 2018 to Still Sri Ramesh Gaarment Tirupur

HR Activities
Attendance maintenance Time cards maintenance
Staffs and labors individual records maintenance

Project
 Advanced automobile collision avoidance and blackbox in CAR"
62,HR,"SOFTWARE SKILLS  General Computer Proficiency  Program Langages known C C Java Web Programming  Tools  Software know MATLAB DBMS KEY STRENGTHS  Posses Good communication and analytic skills  Positive thinking Sincere Hard work Honesty Responsibility  Enthusiastic to learn new skills  take up new tasks  Self  motivated  Ready to accept challenges Education Details 
January 2014 to January 2017 BE in computer science and engineering computer science engineering  Adichunchanagiri institute of technology chikmagalur
HR 


Skill Details 
DATABASE MANAGEMENT SYSTEM Exprience  6 months
DBMS Exprience  6 months
JAVA Exprience  6 months
MATLAB Exprience  6 monthsCompany Details 
company  Yours Truly
description  Jayashree H K"
63,HR,"TECHNICAL SKILLS  Typewriting  TORA  SPSSEducation Details 
January 2017 MBA  Chidambaram Tamil Nadu SNS College of Engineering
January 2014 HSC   at SAV Higher Secondary School
 MBA   SNS College of Engineering
 SSLC Finance  at Kamaraj Matriculation School
HR 


Skill Details 
Human resource Finance Exprience  Less than 1 year monthsCompany Details 
company  
description  "
64,HR,"IT Skills  Windows XP Ms Office Word Excel Lookups Pivot table other basic functions  Power Point  Saral Payment Package payroll software  Internet ApplicationsEducation Details 
January 2006 Bachelor in Hospitality Management International Hospitality Management  Queen Margaret University Edinburg
January 2006 diploma Hotel Management  International Institute of Hotel Management
HR 


Skill Details 
Hr Management Exprience  Less than 1 year monthsCompany Details 
company  Atri Developers
description   HR Payroll Statutory Compliance Performance Management
company  
description  Employee Relations and Administration Creating industry specific Policies Procedure Forms Formats Letters Checklists etc

Payroll Management Salary restructuring to process payroll of 600 employees
 Validation of all input Attendance Leaves and Salaries before starting salary process
 Processing accurate  error free salary of employees
 Responsible for compensation and benefits administration
 Coordinate with Accounts team for salary processing
 Attendance  Leave record management
 Assuring prompt and satisfactory resolution of payroll related queries of all employees

Statutory Compliance Management
  Manage various statutory compliance requirements PF ESIC PT Gratuity TDS etc calculations deduction payment and return filing
 Generate statutory reports like Form 16 Form 24Q Conducting session with employees on Statutory Policies and procedure compliance related topics
 Shops and Commercial Establishments Act SE
 The Payment of Gratuity Act 1972
Recruitment and Selection Handling recruitment like job posting in naukri portal and coordination Create annual manpower plan and budget Screen and schedule preliminary interview Arrange for employee orientation Handling joining formalities and salary account opening formalities

Performance Management End to end facilitation of PMS starting from creating Job Description  Appraisal Forms to Disbursement of Letters KRA setting Midyear reviews Annual reviews handling all appraisal activities 360 Degree

Training and Development Conduct training need analysis and arrange various training session

Employee engagement and  Employee Welfare Creation and deployment  of Sales  Rewards and Recognition Schemes Periodic Interactive sessions like Monthly Birthday Celebration Annual Day Diwali Dhamaka Offsite etc
Working on Saral Payment Package payroll software as well as on excel
Assisting MD in HR works offering suggestions and answering employee queries on payroll compliance related issues other benefits insurance medical reimbursement  full  final settlement of resigned employees"
65,HR,"Education Details 
 BA   mumbai University
HR 


Skill Details 
Hr Operations Exprience  Less than 1 year monthsCompany Details 
company  Mumbai Monorail
description  "
66,HR,"Education Details 
June 2012 to May 2015 BA Economics Chennai Tamil Nadu Sdnbvc
Hr 


Skill Details 
Company Details 
company  Anything IT Solution
description  Hr"
67,HR,"Education Details 
June 2012 to May 2015 BA Economics Chennai Tamil Nadu Sdnbvc
Hr 


Skill Details 
Company Details 
company  Anything IT Solution
description  Hr"
68,HR,"Education Details 
 BBA   lovely professional university
HR 


Skill Details 
Communication Exprience  6 monthsCompany Details 
company  
description  "
69,HR,"Education Details 
 MBA   ACN College of engineering  mgt
HR 


Skill Details 
Company Details 
company  HR Assistant
description  "
70,HR,"KEY SKILLS  Computerized accounting with tally  Sincere  hard working  Management accounting  income tax  Good communication  leadership  Two and four wheeler driving license  Internet  Ecommerce management COMPUTER SKILLS  C Language  Web programing  Tally  Dbms Education Details 
June 2017 to June 2019 Mba Financehr India Mlrit
June 2014 to June 2017 Bcom Computer Hyderabad Telangana Osmania university
June 2012 to April 2014 Inter MEC India Srimedhav
Hr 

Nani
Skill Details 
accounting Exprience  6 months
DATABASE MANAGEMENT SYSTEM Exprience  6 months
Dbms Exprience  6 months
Management accounting Exprience  6 months
Ecommerce Exprience  6 monthsCompany Details 
company  Valuelabs
description  They will give the RRF form the required DLT then the hand over to RLT then scrum master will take the form from the RLT then scrum master will give the forms to trainee which we can work on the requirement till the candidate receive the offer from the company"
71,HR,"Training in Special Education Certificate Course Education Details 
July 2016 to October 2018 MSc Psychology with specialization in Organizational Behaviour Malappuram Kerala Calicut University
July 2013 to March 2016 BSc Psychology Thrissur Prajyoti Niketan College
HR 


Skill Details 
Company Details 
company  
description  I have done a 30 days internship in the HR department of Foster Hot Breads KINFRA Malappuram Kerala and I have also done a 60 days internship at Santhwana Institute of Counselling and Psychotherapy Cochin Kerala as Counsellor"
72,HR,"Computer Knowledge  Proficient in basic use of MS office  Microsoft Dynamics AX software  SAIBA softwareEducation Details 
 MBA   Distance education Bharathiar University
 BE   PA College of Engineering and Technology
 HSC   RVG Hr Sec School
 SSC   GHrSec School
HR 

Admin in Bharat
Skill Details 
DYNAMICS Exprience  6 months
DYNAMICS AX Exprience  6 months
MICROSOFT DYNAMICS Exprience  6 months
MICROSOFT DYNAMICS AX Exprience  6 months
MS OFFICE Exprience  6 monthsCompany Details 
company  Sri Ramesh Gaarment
description  Tirupur

Administration as well as clients service
Here corporate companies only insured so that knowledge gathered about
Garments spinning mills

 FEB 2018 to Still Sri Ramesh Gaarment Tirupur

HR Activities
Attendance maintenance Time cards maintenance
Staffs and labors individual records maintenance

Project
 Advanced automobile collision avoidance and blackbox in CAR"
73,HR,"SOFTWARE SKILLS  General Computer Proficiency  Program Langages known C C Java Web Programming  Tools  Software know MATLAB DBMS KEY STRENGTHS  Posses Good communication and analytic skills  Positive thinking Sincere Hard work Honesty Responsibility  Enthusiastic to learn new skills  take up new tasks  Self  motivated  Ready to accept challenges Education Details 
January 2014 to January 2017 BE in computer science and engineering computer science engineering  Adichunchanagiri institute of technology chikmagalur
HR 


Skill Details 
DATABASE MANAGEMENT SYSTEM Exprience  6 months
DBMS Exprience  6 months
JAVA Exprience  6 months
MATLAB Exprience  6 monthsCompany Details 
company  Yours Truly
description  Jayashree H K"
74,HR,"TECHNICAL SKILLS  Typewriting  TORA  SPSSEducation Details 
January 2017 MBA  Chidambaram Tamil Nadu SNS College of Engineering
January 2014 HSC   at SAV Higher Secondary School
 MBA   SNS College of Engineering
 SSLC Finance  at Kamaraj Matriculation School
HR 


Skill Details 
Human resource Finance Exprience  Less than 1 year monthsCompany Details 
company  
description  "
75,HR,"IT Skills  Windows XP Ms Office Word Excel Lookups Pivot table other basic functions  Power Point  Saral Payment Package payroll software  Internet ApplicationsEducation Details 
January 2006 Bachelor in Hospitality Management International Hospitality Management  Queen Margaret University Edinburg
January 2006 diploma Hotel Management  International Institute of Hotel Management
HR 


Skill Details 
Hr Management Exprience  Less than 1 year monthsCompany Details 
company  Atri Developers
description   HR Payroll Statutory Compliance Performance Management
company  
description  Employee Relations and Administration Creating industry specific Policies Procedure Forms Formats Letters Checklists etc

Payroll Management Salary restructuring to process payroll of 600 employees
 Validation of all input Attendance Leaves and Salaries before starting salary process
 Processing accurate  error free salary of employees
 Responsible for compensation and benefits administration
 Coordinate with Accounts team for salary processing
 Attendance  Leave record management
 Assuring prompt and satisfactory resolution of payroll related queries of all employees

Statutory Compliance Management
  Manage various statutory compliance requirements PF ESIC PT Gratuity TDS etc calculations deduction payment and return filing
 Generate statutory reports like Form 16 Form 24Q Conducting session with employees on Statutory Policies and procedure compliance related topics
 Shops and Commercial Establishments Act SE
 The Payment of Gratuity Act 1972
Recruitment and Selection Handling recruitment like job posting in naukri portal and coordination Create annual manpower plan and budget Screen and schedule preliminary interview Arrange for employee orientation Handling joining formalities and salary account opening formalities

Performance Management End to end facilitation of PMS starting from creating Job Description  Appraisal Forms to Disbursement of Letters KRA setting Midyear reviews Annual reviews handling all appraisal activities 360 Degree

Training and Development Conduct training need analysis and arrange various training session

Employee engagement and  Employee Welfare Creation and deployment  of Sales  Rewards and Recognition Schemes Periodic Interactive sessions like Monthly Birthday Celebration Annual Day Diwali Dhamaka Offsite etc
Working on Saral Payment Package payroll software as well as on excel
Assisting MD in HR works offering suggestions and answering employee queries on payroll compliance related issues other benefits insurance medical reimbursement  full  final settlement of resigned employees"
76,HR,"Education Details 
 BA   mumbai University
HR 


Skill Details 
Hr Operations Exprience  Less than 1 year monthsCompany Details 
company  Mumbai Monorail
description  "
77,HR,"Education Details 
June 2012 to May 2015 BA Economics Chennai Tamil Nadu Sdnbvc
Hr 


Skill Details 
Company Details 
company  Anything IT Solution
description  Hr"
78,HR,"Education Details 
June 2012 to May 2015 BA Economics Chennai Tamil Nadu Sdnbvc
Hr 


Skill Details 
Company Details 
company  Anything IT Solution
description  Hr"
79,HR,"Education Details 
 BBA   lovely professional university
HR 


Skill Details 
Communication Exprience  6 monthsCompany Details 
company  
description  "
80,HR,"Education Details 
 MBA   ACN College of engineering  mgt
HR 


Skill Details 
Company Details 
company  HR Assistant
description  "
81,HR,"KEY SKILLS  Computerized accounting with tally  Sincere  hard working  Management accounting  income tax  Good communication  leadership  Two and four wheeler driving license  Internet  Ecommerce management COMPUTER SKILLS  C Language  Web programing  Tally  Dbms Education Details 
June 2017 to June 2019 Mba Financehr India Mlrit
June 2014 to June 2017 Bcom Computer Hyderabad Telangana Osmania university
June 2012 to April 2014 Inter MEC India Srimedhav
Hr 

Nani
Skill Details 
accounting Exprience  6 months
DATABASE MANAGEMENT SYSTEM Exprience  6 months
Dbms Exprience  6 months
Management accounting Exprience  6 months
Ecommerce Exprience  6 monthsCompany Details 
company  Valuelabs
description  They will give the RRF form the required DLT then the hand over to RLT then scrum master will take the form from the RLT then scrum master will give the forms to trainee which we can work on the requirement till the candidate receive the offer from the company"
82,HR,"Training in Special Education Certificate Course Education Details 
July 2016 to October 2018 MSc Psychology with specialization in Organizational Behaviour Malappuram Kerala Calicut University
July 2013 to March 2016 BSc Psychology Thrissur Prajyoti Niketan College
HR 


Skill Details 
Company Details 
company  
description  I have done a 30 days internship in the HR department of Foster Hot Breads KINFRA Malappuram Kerala and I have also done a 60 days internship at Santhwana Institute of Counselling and Psychotherapy Cochin Kerala as Counsellor"
83,HR,"Computer Knowledge  Proficient in basic use of MS office  Microsoft Dynamics AX software  SAIBA softwareEducation Details 
 MBA   Distance education Bharathiar University
 BE   PA College of Engineering and Technology
 HSC   RVG Hr Sec School
 SSC   GHrSec School
HR 

Admin in Bharat
Skill Details 
DYNAMICS Exprience  6 months
DYNAMICS AX Exprience  6 months
MICROSOFT DYNAMICS Exprience  6 months
MICROSOFT DYNAMICS AX Exprience  6 months
MS OFFICE Exprience  6 monthsCompany Details 
company  Sri Ramesh Gaarment
description  Tirupur

Administration as well as clients service
Here corporate companies only insured so that knowledge gathered about
Garments spinning mills

 FEB 2018 to Still Sri Ramesh Gaarment Tirupur

HR Activities
Attendance maintenance Time cards maintenance
Staffs and labors individual records maintenance

Project
 Advanced automobile collision avoidance and blackbox in CAR"
84,HR,"SOFTWARE SKILLS  General Computer Proficiency  Program Langages known C C Java Web Programming  Tools  Software know MATLAB DBMS KEY STRENGTHS  Posses Good communication and analytic skills  Positive thinking Sincere Hard work Honesty Responsibility  Enthusiastic to learn new skills  take up new tasks  Self  motivated  Ready to accept challenges Education Details 
January 2014 to January 2017 BE in computer science and engineering computer science engineering  Adichunchanagiri institute of technology chikmagalur
HR 


Skill Details 
DATABASE MANAGEMENT SYSTEM Exprience  6 months
DBMS Exprience  6 months
JAVA Exprience  6 months
MATLAB Exprience  6 monthsCompany Details 
company  Yours Truly
description  Jayashree H K"
85,Advocate,"TECHNICAL QUALIFICATIONS  Windows Ms OfficeEducation Details 
 LLB  Guwahati Assam University Law College Guwahati University
 BSc  Jagiroad ASSAM IN Jagiroad College
    Morigaon College
Advocate 

Advocate  Gauhati High Court
Skill Details 
Company Details 
company  Gauhati High Court
description  of the Gauhati High Court and other subordinate Courts and Tribunals and Statutory Bodies in Guwahati from 2008 Numerous experiences of Civil Criminal cases cases under consumer forum
 Handling a good number of Civil as well as Criminal Matters in District  Sessions Judge Court Judge Court CJM Court and Consumer Forum  also in the High Court
 Working as Executive Legal at Hindustan Paper Corporation Limited A Govt of India Enterprise Nagaon Paper Mill since Jan 2012
STRENGTH 
 Adaptability A penchant to adapt to the conditions  level of the environment accordance with the requirement of the given situation
 Interpersonal An extrovert to the core prefer to interact with people of all walks of life and varying strata of society Ability to quickly establish rapport with others
 Team Work Enjoy being a part of a group  achieve combined goals
ROLES AND RESPONSIBILITIES AT HPC LTD 
 Assisting in briefing counsels on matters relating to Nagaon Paper Mill Cachar Paper Mill and also Nagaland Pulp and Paper Corporation Ltd
 The task of legal vetting in all NIBsNITs terms and conditions etc
 Providing Legal views to protect the interest of the Corporation
 Assisting in formulation and drafting of all Disciplinary matters
 Liaisoning with all local bodies and also other forums"
86,Advocate,"Education Details 
 BCom LLB   University of Clacutta University of Burdwan
ADVOCATE 


Skill Details 
Taxation matters Income Tax GST P Tax Accounts Exprience  Less than 1 year months
Filing of Income Tax Returns GST Returns eTDS AIR and more Exprience  Less than 1 year monthsCompany Details 
company  own practice
description  1 Drafting and preparation of plaint Accounts and move before relevant Authority to hear the cases"
87,Advocate,"Education Details 
 LLB   Dibrugarh University
Advocate 


Skill Details 
Legal Exprience  Less than 1 year monthsCompany Details 
company  Legal
description   Advocate"
88,Advocate,"Education Details 
November 2016 to January 2019 Llm Masters in Law Hyderabad Telangana Sultan Ul Uloom College Of Law
September 2011 to May 2016 BAllb Bachelors in Law Hyderabad Telangana Osmania University PG College Of Law
Advocate 

Experienced in Litigation Recently Acquired Masters Degree in Law
Skill Details 
Microsoft word Exprience  Less than 1 year months
litigation Exprience  Less than 1 year months
Legal Research Exprience  Less than 1 year months
Contracts Exprience  Less than 1 year months
Internet Savvy Exprience  Less than 1 year months
Drafting Exprience  Less than 1 year monthsCompany Details 
company  LRC Office
description   Working under Senior Advocate L Ravichander in the High Court of Telangana
 Experience in drafting
 Legal Correspondence"
89,Advocate,"SKILLS  Knows English as native speaker IELTS Overall 8 Listening 8 Reading 8 Writing 7 and Speaking 85 Hindi with bilingual proficiency and Punjabi as native speaker  Able to communicate clearly and concisely with people of diverse backgrounds and levels of authority  Exceptional knowledge of administrative procedures evidence rules and trials  Can maintain a professional attitude with peers coworkers and clients at all times  Focused and driven to always meet deadlines for pretrial procedures trials and appellate briefings by effectively utilizing resources  A Microsoft Certified Systems Engineer 2008 and very much Competent in Windows and Word processing software Education Details 
July 2009 to May 2012 Bachelors Laws Bikaner Rajasthan Maharaja Ganga Singh University
August 2008 to November 2008 Microsoft Certified Systems Engineer Networking Chandigarh 
July 2005 to April 2008 Bachelors of Science BioInformatics Chandigarh Chandigarh Panjab University
Advocate 

Newcomer Indian Advocate
Skill Details 
Administration Exprience  72 months
Legal Research Exprience  72 months
Microsoft Office Exprience  72 months
Drafting Exprience  72 monthsCompany Details 
company  District Courts
description  Key Features

 Licensed Advocate in practice from 16Aug2012 Bar Council of Punjab  Haryana Chandigarh
 Admitted to practice at District Courts Mansa since 18Aug2012
 Successfully passed the All India Bar Examination AIBE conducted by Bar Council of India BCI in September 2013
 LeadSole Counsel for plaintiff and respondents in number of criminalcivil trials
 Since 2012 have prepared and prosecuted to conclusion either by trial or settlement number of claim cases involving personal injury or death cases
 Working on the Panel of District Legal Services Authority Mansa run under the supervision of National Legal Services Authority India
 Former CoOpted Member Administrative Committee Punjab
 Former Joint Secretary at District Bar Association Mansa 201718

Job Duties

 Advice clients of their legal rights and all matters related to law
 Plead clients cases which include various International companies before courts of law forums tribunals and boards
 Researching legal precedents gathering evidence and trials of criminal Injury and death compensation claims and others
 Draw up legal documents such as bail petitions appeals divorces and contracts etc
 Negotiates settlements of civil disputes
 Act as mediator conciliator local commissioner or arbitrator as per Court orders
 Managing a private practice for more than 6 years including all aspects of administration and management functions controlling costs and achieving objectives related to the practice of law"
90,Advocate,"QUALIFICATION Introduction to Computer EXTRAEducation Details 
January 2001 to January 2003 Master Law Chennai Tamil Nadu DrAmbedkar Law University
January 1998 to January 2001 Bachelor Law Chennai Tamil Nadu Dr Ambedkar Law University
January 1995 to January 1998 Bachelor English Literature Tirunelveli Tamil Nadu Manonmaniam Sundaranar university
Advocate 

Advocate
Skill Details 
Company Details 
company  Practiced
description  at

 High Court of Judicature at Madras India

 City Civil Court Chennai

 Debt Recovery Tribunal Chennai

 Consumer Forums Chennai

 Labour Courts

 Small Causes Courts

 Rent control Courts
 Legal advisor for Christian Institute of Management Chennai in 2016
 Legal Advisor for Ruah church Chennai and NESSA Trust till 2018"
91,Advocate,"Skills Natural Languages Proficient in English Hindi and Marathi Computer skills Proficient with MSOffice Internet operationEducation Details 
January 2015 to January 2018 LLB Law Mumbai Maharashtra Mumbai university
January 2015 BMM  Mumbai Maharashtra SKSomaiya College Mumbai University
 HSC   Asmita Girls junior College Maharashtra Board
 SSC Vidya Bhawan  Maharashtra Board
Advocate 

Llb student and Journalist
Skill Details 
Company Details 
company  Criminal lawyer law firm
description  "
92,Advocate,"Skills Legal Writing Efficient researcher Legal Education Family Law Criminal Defence Environment law and litigation Business legal issue Banking Law and commercial lawEducation Details 
January 2014 LLM Criminology Pune Maharashtra University of Pune
January 2012 LLB Law Pune Maharashtra University of Pune
January 2012 Diploma Labour Law Pune Maharashtra University of Pune
Advocate 

Advocate
Skill Details 
LEGAL WRITING Exprience  6 months
LITIGATION Exprience  6 monthsCompany Details 
company  Family Criminal in District and Session Court
description  Legal consultancy services for
Cooperative Banks Scheduled Banks and Private Banks
Clients
Federal Bank Chinchwad Pune
Bharat CoOperative Bank Chinchwad Pune
ICICI Bank

Scope of work
Finalising Loan Agreements
Mortgage agreement Release Deed  and Notice of Intimation
Title Deed Search Report
DRT cases
Legal notices for recovery of dues
Filing Summary suits
Paper Notice
Power of Attorney
Indemnity bond

Family Law
Legal Consultancy and representation for matters relating to Family disputes such as Marriage and Divorce Succession Adoption etc
Lok Adalat
Panel Judicial Member  Four Times"
93,Advocate,"Good grasping quality and skillful work Education Details 
March 2013 to March 2018 B A LL B Law Solapur Maharashtra Solapur University
Advocate 


Skill Details 
Good knowledge of typing as well as many other activities Exprience  Less than 1 year monthsCompany Details 
company  District and Session court of solapur
description  Forward thinking individual with refined interpersonal and multitasking skills Looking to join a progressive organization to provide assistance in Legal work
company  District and Session court of solapur
description  Provide legal assistance in legal work"
94,Advocate," Hard working  Quick learnerEducation Details 
June 2014 to May 2017 LLB LAW Mumbai Maharashtra mumbai university
January 2014 BCom Commerce Mumbai Maharashtra Mumbai university
January 2011 HSC   Maharashtra board
January 2009 SSC   Maharashtra board
Advocate 


Skill Details 
Company Details 
company  The vidishtra
description  "
95,Advocate,"TECHNICAL QUALIFICATIONS  Windows Ms OfficeEducation Details 
 LLB  Guwahati Assam University Law College Guwahati University
 BSc  Jagiroad ASSAM IN Jagiroad College
    Morigaon College
Advocate 

Advocate  Gauhati High Court
Skill Details 
Company Details 
company  Gauhati High Court
description  of the Gauhati High Court and other subordinate Courts and Tribunals and Statutory Bodies in Guwahati from 2008 Numerous experiences of Civil Criminal cases cases under consumer forum
 Handling a good number of Civil as well as Criminal Matters in District  Sessions Judge Court Judge Court CJM Court and Consumer Forum  also in the High Court
 Working as Executive Legal at Hindustan Paper Corporation Limited A Govt of India Enterprise Nagaon Paper Mill since Jan 2012
STRENGTH 
 Adaptability A penchant to adapt to the conditions  level of the environment accordance with the requirement of the given situation
 Interpersonal An extrovert to the core prefer to interact with people of all walks of life and varying strata of society Ability to quickly establish rapport with others
 Team Work Enjoy being a part of a group  achieve combined goals
ROLES AND RESPONSIBILITIES AT HPC LTD 
 Assisting in briefing counsels on matters relating to Nagaon Paper Mill Cachar Paper Mill and also Nagaland Pulp and Paper Corporation Ltd
 The task of legal vetting in all NIBsNITs terms and conditions etc
 Providing Legal views to protect the interest of the Corporation
 Assisting in formulation and drafting of all Disciplinary matters
 Liaisoning with all local bodies and also other forums"
96,Advocate,"Education Details 
 BCom LLB   University of Clacutta University of Burdwan
ADVOCATE 


Skill Details 
Taxation matters Income Tax GST P Tax Accounts Exprience  Less than 1 year months
Filing of Income Tax Returns GST Returns eTDS AIR and more Exprience  Less than 1 year monthsCompany Details 
company  own practice
description  1 Drafting and preparation of plaint Accounts and move before relevant Authority to hear the cases"
97,Advocate,"Education Details 
 LLB   Dibrugarh University
Advocate 


Skill Details 
Legal Exprience  Less than 1 year monthsCompany Details 
company  Legal
description   Advocate"
98,Advocate,"Education Details 
November 2016 to January 2019 Llm Masters in Law Hyderabad Telangana Sultan Ul Uloom College Of Law
September 2011 to May 2016 BAllb Bachelors in Law Hyderabad Telangana Osmania University PG College Of Law
Advocate 

Experienced in Litigation Recently Acquired Masters Degree in Law
Skill Details 
Microsoft word Exprience  Less than 1 year months
litigation Exprience  Less than 1 year months
Legal Research Exprience  Less than 1 year months
Contracts Exprience  Less than 1 year months
Internet Savvy Exprience  Less than 1 year months
Drafting Exprience  Less than 1 year monthsCompany Details 
company  LRC Office
description   Working under Senior Advocate L Ravichander in the High Court of Telangana
 Experience in drafting
 Legal Correspondence"
99,Advocate,"SKILLS  Knows English as native speaker IELTS Overall 8 Listening 8 Reading 8 Writing 7 and Speaking 85 Hindi with bilingual proficiency and Punjabi as native speaker  Able to communicate clearly and concisely with people of diverse backgrounds and levels of authority  Exceptional knowledge of administrative procedures evidence rules and trials  Can maintain a professional attitude with peers coworkers and clients at all times  Focused and driven to always meet deadlines for pretrial procedures trials and appellate briefings by effectively utilizing resources  A Microsoft Certified Systems Engineer 2008 and very much Competent in Windows and Word processing software Education Details 
July 2009 to May 2012 Bachelors Laws Bikaner Rajasthan Maharaja Ganga Singh University
August 2008 to November 2008 Microsoft Certified Systems Engineer Networking Chandigarh 
July 2005 to April 2008 Bachelors of Science BioInformatics Chandigarh Chandigarh Panjab University
Advocate 

Newcomer Indian Advocate
Skill Details 
Administration Exprience  72 months
Legal Research Exprience  72 months
Microsoft Office Exprience  72 months
Drafting Exprience  72 monthsCompany Details 
company  District Courts
description  Key Features

 Licensed Advocate in practice from 16Aug2012 Bar Council of Punjab  Haryana Chandigarh
 Admitted to practice at District Courts Mansa since 18Aug2012
 Successfully passed the All India Bar Examination AIBE conducted by Bar Council of India BCI in September 2013
 LeadSole Counsel for plaintiff and respondents in number of criminalcivil trials
 Since 2012 have prepared and prosecuted to conclusion either by trial or settlement number of claim cases involving personal injury or death cases
 Working on the Panel of District Legal Services Authority Mansa run under the supervision of National Legal Services Authority India
 Former CoOpted Member Administrative Committee Punjab
 Former Joint Secretary at District Bar Association Mansa 201718

Job Duties

 Advice clients of their legal rights and all matters related to law
 Plead clients cases which include various International companies before courts of law forums tribunals and boards
 Researching legal precedents gathering evidence and trials of criminal Injury and death compensation claims and others
 Draw up legal documents such as bail petitions appeals divorces and contracts etc
 Negotiates settlements of civil disputes
 Act as mediator conciliator local commissioner or arbitrator as per Court orders
 Managing a private practice for more than 6 years including all aspects of administration and management functions controlling costs and achieving objectives related to the practice of law"
100,Advocate,"QUALIFICATION Introduction to Computer EXTRAEducation Details 
January 2001 to January 2003 Master Law Chennai Tamil Nadu DrAmbedkar Law University
January 1998 to January 2001 Bachelor Law Chennai Tamil Nadu Dr Ambedkar Law University
January 1995 to January 1998 Bachelor English Literature Tirunelveli Tamil Nadu Manonmaniam Sundaranar university
Advocate 

Advocate
Skill Details 
Company Details 
company  Practiced
description  at

 High Court of Judicature at Madras India

 City Civil Court Chennai

 Debt Recovery Tribunal Chennai

 Consumer Forums Chennai

 Labour Courts

 Small Causes Courts

 Rent control Courts
 Legal advisor for Christian Institute of Management Chennai in 2016
 Legal Advisor for Ruah church Chennai and NESSA Trust till 2018"
101,Advocate,"Skills Natural Languages Proficient in English Hindi and Marathi Computer skills Proficient with MSOffice Internet operationEducation Details 
January 2015 to January 2018 LLB Law Mumbai Maharashtra Mumbai university
January 2015 BMM  Mumbai Maharashtra SKSomaiya College Mumbai University
 HSC   Asmita Girls junior College Maharashtra Board
 SSC Vidya Bhawan  Maharashtra Board
Advocate 

Llb student and Journalist
Skill Details 
Company Details 
company  Criminal lawyer law firm
description  "
102,Advocate,"Skills Legal Writing Efficient researcher Legal Education Family Law Criminal Defence Environment law and litigation Business legal issue Banking Law and commercial lawEducation Details 
January 2014 LLM Criminology Pune Maharashtra University of Pune
January 2012 LLB Law Pune Maharashtra University of Pune
January 2012 Diploma Labour Law Pune Maharashtra University of Pune
Advocate 

Advocate
Skill Details 
LEGAL WRITING Exprience  6 months
LITIGATION Exprience  6 monthsCompany Details 
company  Family Criminal in District and Session Court
description  Legal consultancy services for
Cooperative Banks Scheduled Banks and Private Banks
Clients
Federal Bank Chinchwad Pune
Bharat CoOperative Bank Chinchwad Pune
ICICI Bank

Scope of work
Finalising Loan Agreements
Mortgage agreement Release Deed  and Notice of Intimation
Title Deed Search Report
DRT cases
Legal notices for recovery of dues
Filing Summary suits
Paper Notice
Power of Attorney
Indemnity bond

Family Law
Legal Consultancy and representation for matters relating to Family disputes such as Marriage and Divorce Succession Adoption etc
Lok Adalat
Panel Judicial Member  Four Times"
103,Advocate,"Good grasping quality and skillful work Education Details 
March 2013 to March 2018 B A LL B Law Solapur Maharashtra Solapur University
Advocate 


Skill Details 
Good knowledge of typing as well as many other activities Exprience  Less than 1 year monthsCompany Details 
company  District and Session court of solapur
description  Forward thinking individual with refined interpersonal and multitasking skills Looking to join a progressive organization to provide assistance in Legal work
company  District and Session court of solapur
description  Provide legal assistance in legal work"
104,Advocate," Hard working  Quick learnerEducation Details 
June 2014 to May 2017 LLB LAW Mumbai Maharashtra mumbai university
January 2014 BCom Commerce Mumbai Maharashtra Mumbai university
January 2011 HSC   Maharashtra board
January 2009 SSC   Maharashtra board
Advocate 


Skill Details 
Company Details 
company  The vidishtra
description  "
105,Arts," Good communication skill  Quick learner  Keen to find solutionsEducation Details 
 MBA Marketing and International Business Management Pune Maharashtra Pune University
 BTech Tech Nagpur Maharashtra RTM Nagpur University
GM Arts Commerce  Science 

GM Arts Commerce  Science
Skill Details 
Company Details 
company  Samarth College
description  of Engineering        30          7        210 
5      College to campus             VJ College of Pharmacy         10 days workshop       10

GM Arts Commerce  Science 6          Soft Skills                                               6 days workshop           6
College

Personality             GM Institute of Agricultural 7		6 days workshop           6
Development                        Diploma 
8          Soft Skills           Samarth College of Polytechnic     20 days workshop       20

TOTAL                                              350
WORKING EXPERIENCE IN CORPORATE
Sr No               Topic                      Company                  No of days    Total Hrs 
1       Presentation skill  Team    Elringklinger Automotives Pvt 1 Day           8 building Workshop             Ltd Ranjangaon Pune 
2           Negotiation skill  Kubler Automation Pvt Ltd 2 days          16
Communication skill               Chakan Pune 
3       Business Communication       Finanza Home Loans Pimple 3 days          21  Stress management               saudagar Pune 
4        Teambuilding  Verbal       Sharvari Products Pvt Ltd 2 days          16 communication                   Junner Pune 7 days 5             Entrepreneurship       Agriculture Research Centre
Workshop        168
Development               Narayangaon Pune 8 batches
TOTAL                                             229

ADJOINING SKILLS  Working knowledge of Windows operating system and MS Office  Communicate well in English Hindi  Marathi
 Organized and participated in events like gathering teachers day fashion show and various science exhibitions at college"
106,Arts," Operating Systems Windows XP  Vista  07Education Details 
January 2018 MFA painting Nagpur Maharashtra Nagpur University
January 2016 BFA Painting Nagpur Maharashtra Nagpur University
January 2012 Diploma Art  Maharashtra State Board
January 2010 HSC   Maharashtra State Board
January 2008 SSC   Maharashtra State Board
Fine arts lecturer 


Skill Details 
MsCit Exprience  96 monthsCompany Details 
company  Shubhankan Fine Arts College indore
description   Im doing a job as a Lecturer in Shubhankan Fine Arts College Indore from Nov 2018
 Im an Artist completed ATD BFA and MFA in painting 
 Im searching for a job in my faculty in my area and comfort place To improve my knowledge and experience in this field
company  
description  I have a experience of classes of painting rangoli drawing summer classes etc

Health Physical Disability  Orthopedically"
107,Arts,"Additional qualifications April 2000 Web Designing Course with above average computer skillsEducation Details 
January 2000 to January 2001 Bachelor of Arts Sociology Mumbai Maharashtra The Mumbai University
January 1998 to January 2000 Bachelor of Arts Sociology  Sophia College
January 1997 to January 1998 HSC   Sophia College
January 1995 to January 1996 SSC   St Teresas Convent High School
Head business development arts 

Head business development arts
Skill Details 
Company Details 
company  British Council
description  Responsibilities
 Strategic oversight responsibility for programmes in the performing arts music theatre and dance and other cultural sectors
 lead on the conception and oversight of specific largescale programmes within the overall Arts
programme
 Represent the British Council at external events in India and act as deputy to the Director Arts when required
 Oversee and manage resources to deliver compelling communications for applicants that convey
British Councils grants like Charles Wallace India trust Young Creative Entrepreneurs and
Chevening Clore scholarship programs on time and with excellence
 Shortlisting and Interviewing potential applicants for existing relevant grants or fellowships
 Oversee a diverse range of proposals progress reports and related projects
 Ensuring effective and timely identification and communication of program progress
 Lead a team of six project managers across the country and manage the performance of the team
responsible for executing arts projects with partnerships built into their work expertise within their
geographic region to ensure arts insight and knowledge is available as and when required
 Managing relations with existing partners and developing relationships with targeted new partners and key government officials and ensuring that market insight into business development
opportunities is built into the planning of new programmes
 Primary strategic responsibility for the marketing of the Arts program in India to ensure that the program builds a reputation that will be attractive to potential partners in partnership with the
Marketing and Communications team
company  British Council
description  is a cultural relations organization creating international opportunities for the people of the UK and other countries by building trust between them worldwide They have offices in six continents and over 100 countries bringing international opportunity to life every day Each year they work with millions of people connecting them with the United Kingdom sharing their cultures and the UKs most attractive
assets English the Arts and Education They have 80 years experience of doing this
company  British Council
description  Responsibilities
 Leading the strategic development of British Councils work in the music sector in India Sri Lanka
region and building and maintaining strong international partnerships across sectors in India Sri
Lanka and the UK
 Developing strong external partnerships that lead to significant external investment in BC activities and enabling the delivery of an ambitious programme of music sector activities and events thus
strengthening cultural relationships between India Sri Lanka and the UK
    Leading the implementation of the music programme within India and Sri Lanka along with detailed
project plans in liaison with colleagues from India Sri Lanka and the UK
    Proactive management of budgets and timelines for all projects
    Ensuring systematic evaluation of projects including developing effective systems and processes for capturing both quantitative and qualitative information about effectiveness of projects and longer
term impact
    Management of a team across India and Sri Lanka contributing to recruitment and development
mentoring of staff
company  British Council
description  Responsibilities
 Planning and organizing logistics related to events buildings performersartists and other
personnel
 Marketing a performance or event through social media direct mail advertising use of a website
producing posters or publicity leaflets and attracting media coverage
 Planning and managing budgets
 Programming and booking performances and events including arrangements for tours in India
 Development of new projects and initiatives in consultation with arts professionals and key
stakeholders eg local authorities local government and communities venue directors and regional partners
 Taking responsibility for operational and office management issues such as venue accessibility
health and safety issues
 Implementing and maintaining office and information systems
 Providing administration support to managers and the director
 Ensuring corporate and legal requirements are complied with and reporting to the head of the unit
company  British Council
description  Responsibilities
 Developing of new specific new projects and initiatives in the music film and visual art sector in consultation with the Council and key stakeholders
 Planning and managing budgets
 Supporting the marketing a performance or event through social media direct mail advertising use of a website producing posters or publicity leaflets and attracting media coverage
 Programming the outreach and workshops for the respective programmes
company  AirCheck India
description  The company intended to launch stations in both these metros on August 29 2001
For its Mumbai FM station WIN had the basic infrastructure that includes a studio and production facilities
The transmission tower for the station is located in central Mumbai

Responsibilities
 Generating and researching ideas for programmes and pitching for commissions
 Sourcing potential contributors and interviewees
 Selecting music appropriate to the programme the audience and the station
 Producing preproduction briefings for presenters reporters technical staff and other contributors
 Managing the logistics of getting people resources and equipment together to the right place at the right time
 undertaking editing interviewing and reporting duties as necessary
 Presenting programmes or managing presenters for both prerecorded and recorded output
 Checking that copyrights are cleared and understanding media law
 Using editing and mixing softwares like Sonic Foundry Vegas Sonic Foundry Sound Forge
Acid and Midi
company  Rave Magazine
description  Rave Magazine was the definitive voice of music emerging from the Indian subcontinent and the lifestyle
that surrounds it Through exclusive reporting a unique sensibility and with an editorial team with over 20
years of experience in publishing RAVE Magazine covers every genre of music emerging from the region and provides new perspectives on International music

Responsibilities
 Maintain production schedules and report on the progress
 Overview the staff manage and supervise photographers and freelance writers and generally
provide administrative support for the editor
 Participated in production meetings and brain storming sessions to decide on the direction future
trends and contents of the publication
company  Xs Events
description  Xs Events is an event management company primarily dealing with corporate clients who used different
events to increase an audiences exposure with a brand

Responsibilities
 Development production and delivery of projects from proposal right up to delivery
 Delivering events on time within budget
 Maintaining timelines and priorities on every project
 Managing supplier relationships
    Managing operational and administrative         functions to ensure specific projects are delivered
efficiently
company  Banyan Tree Communications
description  Responsibilities
 Sourcing potential contributors and interviewees
 Selecting music appropriate to the programme the audience and the station
 undertaking editing interviewing and reporting duties as necessary
 Checking that copyrights are cleared and understanding media law
company  French Embassy
description  on a part time basis
company  British Council
description  Mumbai
Advice students on various academic opportunities in the United Kingdom and assisted with various
exhibitions by the British Council"
108,Arts,"Education Details 
January 2017    Rachana Sansad School of Interior Deign
January 2013    Holy Family High School
 Master of Commerce Marketing Mumbai Maharashtra University of Mumbai
Drawing  Arts  Craft Teacher 

Drawing  Arts  Craft Teacher  Ghatkopar YMCA
Skill Details 
Company Details 
company  Ghatkopar YMCA
description  for 3 Years
 Worked in Jungle Cubs Gym as a Coordinator for 1 Year"
109,Arts,"Education Details 
August 2018 to January 2021 Entermediate Maths Mumbai Maharashtra Sunbeam academy  samne ghat  varanasi
Martial arts fitness job 


Skill Details 
Company Details 
company  Sports Authority
description  I am 2nd dan black belt in karate martial arts
I am in a searching of personal trainer job for fitness
I won 3 gold medals in national karate championship
I won 7 gold medals in state karate championship
3 times best player of the year of uttar pradesh award 
Represented india and Selected for world karate championship held at Croatia  Europe
"
110,Arts,"I Other Skills CourseSkill Name Board Year Of Passing Grade Intermediate Grade Drawing Art Examination Committee 2011 B Examination Maharashtra State I Academic Programme Detail National Service Scheme Camp  Sponsored By Government of India Ministry Of Youth Affairs And Sports New Delhi  North Maharashtra University Jalgaon I Strengths  Ability to Learn From Mistakes  Honesty  Ready to accept challenges and responsibilities  Quick learning adaptability confidence I Declaration I 201 Your faithfully Pia     Jetalal Hiralal GorbanjaraEducation Details 
May 2010 HSC  Nashik Maharashtra State Board
June 2008 SSC  Nashik Maharashtra State Board
AsstProfessor 

AsstProfessor
Skill Details 
Company Details 
company  Kisan Arts
description   Total Work Experience  In Months
Sr       Name of Organization  College        Designation              Working Period          Total Experience
No		 In Months
From            To
1        Kisan Arts Commerce  Science        AsstProfessor      20072015    31052016        10 Months
Sr College Parola Dist Jalgaon Political Sci
Maharashtra
company  Bahadarpur Tai Parola Dist
description  "
111,Arts," Good communication skill  Quick learner  Keen to find solutionsEducation Details 
 MBA Marketing and International Business Management Pune Maharashtra Pune University
 BTech Tech Nagpur Maharashtra RTM Nagpur University
GM Arts Commerce  Science 

GM Arts Commerce  Science
Skill Details 
Company Details 
company  Samarth College
description  of Engineering        30          7        210 
5      College to campus             VJ College of Pharmacy         10 days workshop       10

GM Arts Commerce  Science 6          Soft Skills                                               6 days workshop           6
College

Personality             GM Institute of Agricultural 7		6 days workshop           6
Development                        Diploma 
8          Soft Skills           Samarth College of Polytechnic     20 days workshop       20

TOTAL                                              350
WORKING EXPERIENCE IN CORPORATE
Sr No               Topic                      Company                  No of days    Total Hrs 
1       Presentation skill  Team    Elringklinger Automotives Pvt 1 Day           8 building Workshop             Ltd Ranjangaon Pune 
2           Negotiation skill  Kubler Automation Pvt Ltd 2 days          16
Communication skill               Chakan Pune 
3       Business Communication       Finanza Home Loans Pimple 3 days          21  Stress management               saudagar Pune 
4        Teambuilding  Verbal       Sharvari Products Pvt Ltd 2 days          16 communication                   Junner Pune 7 days 5             Entrepreneurship       Agriculture Research Centre
Workshop        168
Development               Narayangaon Pune 8 batches
TOTAL                                             229

ADJOINING SKILLS  Working knowledge of Windows operating system and MS Office  Communicate well in English Hindi  Marathi
 Organized and participated in events like gathering teachers day fashion show and various science exhibitions at college"
112,Arts," Operating Systems Windows XP  Vista  07Education Details 
January 2018 MFA painting Nagpur Maharashtra Nagpur University
January 2016 BFA Painting Nagpur Maharashtra Nagpur University
January 2012 Diploma Art  Maharashtra State Board
January 2010 HSC   Maharashtra State Board
January 2008 SSC   Maharashtra State Board
Fine arts lecturer 


Skill Details 
MsCit Exprience  96 monthsCompany Details 
company  Shubhankan Fine Arts College indore
description   Im doing a job as a Lecturer in Shubhankan Fine Arts College Indore from Nov 2018
 Im an Artist completed ATD BFA and MFA in painting 
 Im searching for a job in my faculty in my area and comfort place To improve my knowledge and experience in this field
company  
description  I have a experience of classes of painting rangoli drawing summer classes etc

Health Physical Disability  Orthopedically"
113,Arts,"Additional qualifications April 2000 Web Designing Course with above average computer skillsEducation Details 
January 2000 to January 2001 Bachelor of Arts Sociology Mumbai Maharashtra The Mumbai University
January 1998 to January 2000 Bachelor of Arts Sociology  Sophia College
January 1997 to January 1998 HSC   Sophia College
January 1995 to January 1996 SSC   St Teresas Convent High School
Head business development arts 

Head business development arts
Skill Details 
Company Details 
company  British Council
description  Responsibilities
 Strategic oversight responsibility for programmes in the performing arts music theatre and dance and other cultural sectors
 lead on the conception and oversight of specific largescale programmes within the overall Arts
programme
 Represent the British Council at external events in India and act as deputy to the Director Arts when required
 Oversee and manage resources to deliver compelling communications for applicants that convey
British Councils grants like Charles Wallace India trust Young Creative Entrepreneurs and
Chevening Clore scholarship programs on time and with excellence
 Shortlisting and Interviewing potential applicants for existing relevant grants or fellowships
 Oversee a diverse range of proposals progress reports and related projects
 Ensuring effective and timely identification and communication of program progress
 Lead a team of six project managers across the country and manage the performance of the team
responsible for executing arts projects with partnerships built into their work expertise within their
geographic region to ensure arts insight and knowledge is available as and when required
 Managing relations with existing partners and developing relationships with targeted new partners and key government officials and ensuring that market insight into business development
opportunities is built into the planning of new programmes
 Primary strategic responsibility for the marketing of the Arts program in India to ensure that the program builds a reputation that will be attractive to potential partners in partnership with the
Marketing and Communications team
company  British Council
description  is a cultural relations organization creating international opportunities for the people of the UK and other countries by building trust between them worldwide They have offices in six continents and over 100 countries bringing international opportunity to life every day Each year they work with millions of people connecting them with the United Kingdom sharing their cultures and the UKs most attractive
assets English the Arts and Education They have 80 years experience of doing this
company  British Council
description  Responsibilities
 Leading the strategic development of British Councils work in the music sector in India Sri Lanka
region and building and maintaining strong international partnerships across sectors in India Sri
Lanka and the UK
 Developing strong external partnerships that lead to significant external investment in BC activities and enabling the delivery of an ambitious programme of music sector activities and events thus
strengthening cultural relationships between India Sri Lanka and the UK
    Leading the implementation of the music programme within India and Sri Lanka along with detailed
project plans in liaison with colleagues from India Sri Lanka and the UK
    Proactive management of budgets and timelines for all projects
    Ensuring systematic evaluation of projects including developing effective systems and processes for capturing both quantitative and qualitative information about effectiveness of projects and longer
term impact
    Management of a team across India and Sri Lanka contributing to recruitment and development
mentoring of staff
company  British Council
description  Responsibilities
 Planning and organizing logistics related to events buildings performersartists and other
personnel
 Marketing a performance or event through social media direct mail advertising use of a website
producing posters or publicity leaflets and attracting media coverage
 Planning and managing budgets
 Programming and booking performances and events including arrangements for tours in India
 Development of new projects and initiatives in consultation with arts professionals and key
stakeholders eg local authorities local government and communities venue directors and regional partners
 Taking responsibility for operational and office management issues such as venue accessibility
health and safety issues
 Implementing and maintaining office and information systems
 Providing administration support to managers and the director
 Ensuring corporate and legal requirements are complied with and reporting to the head of the unit
company  British Council
description  Responsibilities
 Developing of new specific new projects and initiatives in the music film and visual art sector in consultation with the Council and key stakeholders
 Planning and managing budgets
 Supporting the marketing a performance or event through social media direct mail advertising use of a website producing posters or publicity leaflets and attracting media coverage
 Programming the outreach and workshops for the respective programmes
company  AirCheck India
description  The company intended to launch stations in both these metros on August 29 2001
For its Mumbai FM station WIN had the basic infrastructure that includes a studio and production facilities
The transmission tower for the station is located in central Mumbai

Responsibilities
 Generating and researching ideas for programmes and pitching for commissions
 Sourcing potential contributors and interviewees
 Selecting music appropriate to the programme the audience and the station
 Producing preproduction briefings for presenters reporters technical staff and other contributors
 Managing the logistics of getting people resources and equipment together to the right place at the right time
 undertaking editing interviewing and reporting duties as necessary
 Presenting programmes or managing presenters for both prerecorded and recorded output
 Checking that copyrights are cleared and understanding media law
 Using editing and mixing softwares like Sonic Foundry Vegas Sonic Foundry Sound Forge
Acid and Midi
company  Rave Magazine
description  Rave Magazine was the definitive voice of music emerging from the Indian subcontinent and the lifestyle
that surrounds it Through exclusive reporting a unique sensibility and with an editorial team with over 20
years of experience in publishing RAVE Magazine covers every genre of music emerging from the region and provides new perspectives on International music

Responsibilities
 Maintain production schedules and report on the progress
 Overview the staff manage and supervise photographers and freelance writers and generally
provide administrative support for the editor
 Participated in production meetings and brain storming sessions to decide on the direction future
trends and contents of the publication
company  Xs Events
description  Xs Events is an event management company primarily dealing with corporate clients who used different
events to increase an audiences exposure with a brand

Responsibilities
 Development production and delivery of projects from proposal right up to delivery
 Delivering events on time within budget
 Maintaining timelines and priorities on every project
 Managing supplier relationships
    Managing operational and administrative         functions to ensure specific projects are delivered
efficiently
company  Banyan Tree Communications
description  Responsibilities
 Sourcing potential contributors and interviewees
 Selecting music appropriate to the programme the audience and the station
 undertaking editing interviewing and reporting duties as necessary
 Checking that copyrights are cleared and understanding media law
company  French Embassy
description  on a part time basis
company  British Council
description  Mumbai
Advice students on various academic opportunities in the United Kingdom and assisted with various
exhibitions by the British Council"
114,Arts,"Education Details 
January 2017    Rachana Sansad School of Interior Deign
January 2013    Holy Family High School
 Master of Commerce Marketing Mumbai Maharashtra University of Mumbai
Drawing  Arts  Craft Teacher 

Drawing  Arts  Craft Teacher  Ghatkopar YMCA
Skill Details 
Company Details 
company  Ghatkopar YMCA
description  for 3 Years
 Worked in Jungle Cubs Gym as a Coordinator for 1 Year"
115,Arts,"Education Details 
August 2018 to January 2021 Entermediate Maths Mumbai Maharashtra Sunbeam academy  samne ghat  varanasi
Martial arts fitness job 


Skill Details 
Company Details 
company  Sports Authority
description  I am 2nd dan black belt in karate martial arts
I am in a searching of personal trainer job for fitness
I won 3 gold medals in national karate championship
I won 7 gold medals in state karate championship
3 times best player of the year of uttar pradesh award 
Represented india and Selected for world karate championship held at Croatia  Europe
"
116,Arts,"I Other Skills CourseSkill Name Board Year Of Passing Grade Intermediate Grade Drawing Art Examination Committee 2011 B Examination Maharashtra State I Academic Programme Detail National Service Scheme Camp  Sponsored By Government of India Ministry Of Youth Affairs And Sports New Delhi  North Maharashtra University Jalgaon I Strengths  Ability to Learn From Mistakes  Honesty  Ready to accept challenges and responsibilities  Quick learning adaptability confidence I Declaration I 201 Your faithfully Pia     Jetalal Hiralal GorbanjaraEducation Details 
May 2010 HSC  Nashik Maharashtra State Board
June 2008 SSC  Nashik Maharashtra State Board
AsstProfessor 

AsstProfessor
Skill Details 
Company Details 
company  Kisan Arts
description   Total Work Experience  In Months
Sr       Name of Organization  College        Designation              Working Period          Total Experience
No		 In Months
From            To
1        Kisan Arts Commerce  Science        AsstProfessor      20072015    31052016        10 Months
Sr College Parola Dist Jalgaon Political Sci
Maharashtra
company  Bahadarpur Tai Parola Dist
description  "
117,Arts," Good communication skill  Quick learner  Keen to find solutionsEducation Details 
 MBA Marketing and International Business Management Pune Maharashtra Pune University
 BTech Tech Nagpur Maharashtra RTM Nagpur University
GM Arts Commerce  Science 

GM Arts Commerce  Science
Skill Details 
Company Details 
company  Samarth College
description  of Engineering        30          7        210 
5      College to campus             VJ College of Pharmacy         10 days workshop       10

GM Arts Commerce  Science 6          Soft Skills                                               6 days workshop           6
College

Personality             GM Institute of Agricultural 7		6 days workshop           6
Development                        Diploma 
8          Soft Skills           Samarth College of Polytechnic     20 days workshop       20

TOTAL                                              350
WORKING EXPERIENCE IN CORPORATE
Sr No               Topic                      Company                  No of days    Total Hrs 
1       Presentation skill  Team    Elringklinger Automotives Pvt 1 Day           8 building Workshop             Ltd Ranjangaon Pune 
2           Negotiation skill  Kubler Automation Pvt Ltd 2 days          16
Communication skill               Chakan Pune 
3       Business Communication       Finanza Home Loans Pimple 3 days          21  Stress management               saudagar Pune 
4        Teambuilding  Verbal       Sharvari Products Pvt Ltd 2 days          16 communication                   Junner Pune 7 days 5             Entrepreneurship       Agriculture Research Centre
Workshop        168
Development               Narayangaon Pune 8 batches
TOTAL                                             229

ADJOINING SKILLS  Working knowledge of Windows operating system and MS Office  Communicate well in English Hindi  Marathi
 Organized and participated in events like gathering teachers day fashion show and various science exhibitions at college"
118,Arts," Operating Systems Windows XP  Vista  07Education Details 
January 2018 MFA painting Nagpur Maharashtra Nagpur University
January 2016 BFA Painting Nagpur Maharashtra Nagpur University
January 2012 Diploma Art  Maharashtra State Board
January 2010 HSC   Maharashtra State Board
January 2008 SSC   Maharashtra State Board
Fine arts lecturer 


Skill Details 
MsCit Exprience  96 monthsCompany Details 
company  Shubhankan Fine Arts College indore
description   Im doing a job as a Lecturer in Shubhankan Fine Arts College Indore from Nov 2018
 Im an Artist completed ATD BFA and MFA in painting 
 Im searching for a job in my faculty in my area and comfort place To improve my knowledge and experience in this field
company  
description  I have a experience of classes of painting rangoli drawing summer classes etc

Health Physical Disability  Orthopedically"
119,Arts,"Additional qualifications April 2000 Web Designing Course with above average computer skillsEducation Details 
January 2000 to January 2001 Bachelor of Arts Sociology Mumbai Maharashtra The Mumbai University
January 1998 to January 2000 Bachelor of Arts Sociology  Sophia College
January 1997 to January 1998 HSC   Sophia College
January 1995 to January 1996 SSC   St Teresas Convent High School
Head business development arts 

Head business development arts
Skill Details 
Company Details 
company  British Council
description  Responsibilities
 Strategic oversight responsibility for programmes in the performing arts music theatre and dance and other cultural sectors
 lead on the conception and oversight of specific largescale programmes within the overall Arts
programme
 Represent the British Council at external events in India and act as deputy to the Director Arts when required
 Oversee and manage resources to deliver compelling communications for applicants that convey
British Councils grants like Charles Wallace India trust Young Creative Entrepreneurs and
Chevening Clore scholarship programs on time and with excellence
 Shortlisting and Interviewing potential applicants for existing relevant grants or fellowships
 Oversee a diverse range of proposals progress reports and related projects
 Ensuring effective and timely identification and communication of program progress
 Lead a team of six project managers across the country and manage the performance of the team
responsible for executing arts projects with partnerships built into their work expertise within their
geographic region to ensure arts insight and knowledge is available as and when required
 Managing relations with existing partners and developing relationships with targeted new partners and key government officials and ensuring that market insight into business development
opportunities is built into the planning of new programmes
 Primary strategic responsibility for the marketing of the Arts program in India to ensure that the program builds a reputation that will be attractive to potential partners in partnership with the
Marketing and Communications team
company  British Council
description  is a cultural relations organization creating international opportunities for the people of the UK and other countries by building trust between them worldwide They have offices in six continents and over 100 countries bringing international opportunity to life every day Each year they work with millions of people connecting them with the United Kingdom sharing their cultures and the UKs most attractive
assets English the Arts and Education They have 80 years experience of doing this
company  British Council
description  Responsibilities
 Leading the strategic development of British Councils work in the music sector in India Sri Lanka
region and building and maintaining strong international partnerships across sectors in India Sri
Lanka and the UK
 Developing strong external partnerships that lead to significant external investment in BC activities and enabling the delivery of an ambitious programme of music sector activities and events thus
strengthening cultural relationships between India Sri Lanka and the UK
    Leading the implementation of the music programme within India and Sri Lanka along with detailed
project plans in liaison with colleagues from India Sri Lanka and the UK
    Proactive management of budgets and timelines for all projects
    Ensuring systematic evaluation of projects including developing effective systems and processes for capturing both quantitative and qualitative information about effectiveness of projects and longer
term impact
    Management of a team across India and Sri Lanka contributing to recruitment and development
mentoring of staff
company  British Council
description  Responsibilities
 Planning and organizing logistics related to events buildings performersartists and other
personnel
 Marketing a performance or event through social media direct mail advertising use of a website
producing posters or publicity leaflets and attracting media coverage
 Planning and managing budgets
 Programming and booking performances and events including arrangements for tours in India
 Development of new projects and initiatives in consultation with arts professionals and key
stakeholders eg local authorities local government and communities venue directors and regional partners
 Taking responsibility for operational and office management issues such as venue accessibility
health and safety issues
 Implementing and maintaining office and information systems
 Providing administration support to managers and the director
 Ensuring corporate and legal requirements are complied with and reporting to the head of the unit
company  British Council
description  Responsibilities
 Developing of new specific new projects and initiatives in the music film and visual art sector in consultation with the Council and key stakeholders
 Planning and managing budgets
 Supporting the marketing a performance or event through social media direct mail advertising use of a website producing posters or publicity leaflets and attracting media coverage
 Programming the outreach and workshops for the respective programmes
company  AirCheck India
description  The company intended to launch stations in both these metros on August 29 2001
For its Mumbai FM station WIN had the basic infrastructure that includes a studio and production facilities
The transmission tower for the station is located in central Mumbai

Responsibilities
 Generating and researching ideas for programmes and pitching for commissions
 Sourcing potential contributors and interviewees
 Selecting music appropriate to the programme the audience and the station
 Producing preproduction briefings for presenters reporters technical staff and other contributors
 Managing the logistics of getting people resources and equipment together to the right place at the right time
 undertaking editing interviewing and reporting duties as necessary
 Presenting programmes or managing presenters for both prerecorded and recorded output
 Checking that copyrights are cleared and understanding media law
 Using editing and mixing softwares like Sonic Foundry Vegas Sonic Foundry Sound Forge
Acid and Midi
company  Rave Magazine
description  Rave Magazine was the definitive voice of music emerging from the Indian subcontinent and the lifestyle
that surrounds it Through exclusive reporting a unique sensibility and with an editorial team with over 20
years of experience in publishing RAVE Magazine covers every genre of music emerging from the region and provides new perspectives on International music

Responsibilities
 Maintain production schedules and report on the progress
 Overview the staff manage and supervise photographers and freelance writers and generally
provide administrative support for the editor
 Participated in production meetings and brain storming sessions to decide on the direction future
trends and contents of the publication
company  Xs Events
description  Xs Events is an event management company primarily dealing with corporate clients who used different
events to increase an audiences exposure with a brand

Responsibilities
 Development production and delivery of projects from proposal right up to delivery
 Delivering events on time within budget
 Maintaining timelines and priorities on every project
 Managing supplier relationships
    Managing operational and administrative         functions to ensure specific projects are delivered
efficiently
company  Banyan Tree Communications
description  Responsibilities
 Sourcing potential contributors and interviewees
 Selecting music appropriate to the programme the audience and the station
 undertaking editing interviewing and reporting duties as necessary
 Checking that copyrights are cleared and understanding media law
company  French Embassy
description  on a part time basis
company  British Council
description  Mumbai
Advice students on various academic opportunities in the United Kingdom and assisted with various
exhibitions by the British Council"
120,Arts,"Education Details 
January 2017    Rachana Sansad School of Interior Deign
January 2013    Holy Family High School
 Master of Commerce Marketing Mumbai Maharashtra University of Mumbai
Drawing  Arts  Craft Teacher 

Drawing  Arts  Craft Teacher  Ghatkopar YMCA
Skill Details 
Company Details 
company  Ghatkopar YMCA
description  for 3 Years
 Worked in Jungle Cubs Gym as a Coordinator for 1 Year"
121,Arts,"Education Details 
August 2018 to January 2021 Entermediate Maths Mumbai Maharashtra Sunbeam academy  samne ghat  varanasi
Martial arts fitness job 


Skill Details 
Company Details 
company  Sports Authority
description  I am 2nd dan black belt in karate martial arts
I am in a searching of personal trainer job for fitness
I won 3 gold medals in national karate championship
I won 7 gold medals in state karate championship
3 times best player of the year of uttar pradesh award 
Represented india and Selected for world karate championship held at Croatia  Europe
"
122,Arts,"I Other Skills CourseSkill Name Board Year Of Passing Grade Intermediate Grade Drawing Art Examination Committee 2011 B Examination Maharashtra State I Academic Programme Detail National Service Scheme Camp  Sponsored By Government of India Ministry Of Youth Affairs And Sports New Delhi  North Maharashtra University Jalgaon I Strengths  Ability to Learn From Mistakes  Honesty  Ready to accept challenges and responsibilities  Quick learning adaptability confidence I Declaration I 201 Your faithfully Pia     Jetalal Hiralal GorbanjaraEducation Details 
May 2010 HSC  Nashik Maharashtra State Board
June 2008 SSC  Nashik Maharashtra State Board
AsstProfessor 

AsstProfessor
Skill Details 
Company Details 
company  Kisan Arts
description   Total Work Experience  In Months
Sr       Name of Organization  College        Designation              Working Period          Total Experience
No		 In Months
From            To
1        Kisan Arts Commerce  Science        AsstProfessor      20072015    31052016        10 Months
Sr College Parola Dist Jalgaon Political Sci
Maharashtra
company  Bahadarpur Tai Parola Dist
description  "
123,Arts," Good communication skill  Quick learner  Keen to find solutionsEducation Details 
 MBA Marketing and International Business Management Pune Maharashtra Pune University
 BTech Tech Nagpur Maharashtra RTM Nagpur University
GM Arts Commerce  Science 

GM Arts Commerce  Science
Skill Details 
Company Details 
company  Samarth College
description  of Engineering        30          7        210 
5      College to campus             VJ College of Pharmacy         10 days workshop       10

GM Arts Commerce  Science 6          Soft Skills                                               6 days workshop           6
College

Personality             GM Institute of Agricultural 7		6 days workshop           6
Development                        Diploma 
8          Soft Skills           Samarth College of Polytechnic     20 days workshop       20

TOTAL                                              350
WORKING EXPERIENCE IN CORPORATE
Sr No               Topic                      Company                  No of days    Total Hrs 
1       Presentation skill  Team    Elringklinger Automotives Pvt 1 Day           8 building Workshop             Ltd Ranjangaon Pune 
2           Negotiation skill  Kubler Automation Pvt Ltd 2 days          16
Communication skill               Chakan Pune 
3       Business Communication       Finanza Home Loans Pimple 3 days          21  Stress management               saudagar Pune 
4        Teambuilding  Verbal       Sharvari Products Pvt Ltd 2 days          16 communication                   Junner Pune 7 days 5             Entrepreneurship       Agriculture Research Centre
Workshop        168
Development               Narayangaon Pune 8 batches
TOTAL                                             229

ADJOINING SKILLS  Working knowledge of Windows operating system and MS Office  Communicate well in English Hindi  Marathi
 Organized and participated in events like gathering teachers day fashion show and various science exhibitions at college"
124,Arts," Operating Systems Windows XP  Vista  07Education Details 
January 2018 MFA painting Nagpur Maharashtra Nagpur University
January 2016 BFA Painting Nagpur Maharashtra Nagpur University
January 2012 Diploma Art  Maharashtra State Board
January 2010 HSC   Maharashtra State Board
January 2008 SSC   Maharashtra State Board
Fine arts lecturer 


Skill Details 
MsCit Exprience  96 monthsCompany Details 
company  Shubhankan Fine Arts College indore
description   Im doing a job as a Lecturer in Shubhankan Fine Arts College Indore from Nov 2018
 Im an Artist completed ATD BFA and MFA in painting 
 Im searching for a job in my faculty in my area and comfort place To improve my knowledge and experience in this field
company  
description  I have a experience of classes of painting rangoli drawing summer classes etc

Health Physical Disability  Orthopedically"
125,Arts,"Additional qualifications April 2000 Web Designing Course with above average computer skillsEducation Details 
January 2000 to January 2001 Bachelor of Arts Sociology Mumbai Maharashtra The Mumbai University
January 1998 to January 2000 Bachelor of Arts Sociology  Sophia College
January 1997 to January 1998 HSC   Sophia College
January 1995 to January 1996 SSC   St Teresas Convent High School
Head business development arts 

Head business development arts
Skill Details 
Company Details 
company  British Council
description  Responsibilities
 Strategic oversight responsibility for programmes in the performing arts music theatre and dance and other cultural sectors
 lead on the conception and oversight of specific largescale programmes within the overall Arts
programme
 Represent the British Council at external events in India and act as deputy to the Director Arts when required
 Oversee and manage resources to deliver compelling communications for applicants that convey
British Councils grants like Charles Wallace India trust Young Creative Entrepreneurs and
Chevening Clore scholarship programs on time and with excellence
 Shortlisting and Interviewing potential applicants for existing relevant grants or fellowships
 Oversee a diverse range of proposals progress reports and related projects
 Ensuring effective and timely identification and communication of program progress
 Lead a team of six project managers across the country and manage the performance of the team
responsible for executing arts projects with partnerships built into their work expertise within their
geographic region to ensure arts insight and knowledge is available as and when required
 Managing relations with existing partners and developing relationships with targeted new partners and key government officials and ensuring that market insight into business development
opportunities is built into the planning of new programmes
 Primary strategic responsibility for the marketing of the Arts program in India to ensure that the program builds a reputation that will be attractive to potential partners in partnership with the
Marketing and Communications team
company  British Council
description  is a cultural relations organization creating international opportunities for the people of the UK and other countries by building trust between them worldwide They have offices in six continents and over 100 countries bringing international opportunity to life every day Each year they work with millions of people connecting them with the United Kingdom sharing their cultures and the UKs most attractive
assets English the Arts and Education They have 80 years experience of doing this
company  British Council
description  Responsibilities
 Leading the strategic development of British Councils work in the music sector in India Sri Lanka
region and building and maintaining strong international partnerships across sectors in India Sri
Lanka and the UK
 Developing strong external partnerships that lead to significant external investment in BC activities and enabling the delivery of an ambitious programme of music sector activities and events thus
strengthening cultural relationships between India Sri Lanka and the UK
    Leading the implementation of the music programme within India and Sri Lanka along with detailed
project plans in liaison with colleagues from India Sri Lanka and the UK
    Proactive management of budgets and timelines for all projects
    Ensuring systematic evaluation of projects including developing effective systems and processes for capturing both quantitative and qualitative information about effectiveness of projects and longer
term impact
    Management of a team across India and Sri Lanka contributing to recruitment and development
mentoring of staff
company  British Council
description  Responsibilities
 Planning and organizing logistics related to events buildings performersartists and other
personnel
 Marketing a performance or event through social media direct mail advertising use of a website
producing posters or publicity leaflets and attracting media coverage
 Planning and managing budgets
 Programming and booking performances and events including arrangements for tours in India
 Development of new projects and initiatives in consultation with arts professionals and key
stakeholders eg local authorities local government and communities venue directors and regional partners
 Taking responsibility for operational and office management issues such as venue accessibility
health and safety issues
 Implementing and maintaining office and information systems
 Providing administration support to managers and the director
 Ensuring corporate and legal requirements are complied with and reporting to the head of the unit
company  British Council
description  Responsibilities
 Developing of new specific new projects and initiatives in the music film and visual art sector in consultation with the Council and key stakeholders
 Planning and managing budgets
 Supporting the marketing a performance or event through social media direct mail advertising use of a website producing posters or publicity leaflets and attracting media coverage
 Programming the outreach and workshops for the respective programmes
company  AirCheck India
description  The company intended to launch stations in both these metros on August 29 2001
For its Mumbai FM station WIN had the basic infrastructure that includes a studio and production facilities
The transmission tower for the station is located in central Mumbai

Responsibilities
 Generating and researching ideas for programmes and pitching for commissions
 Sourcing potential contributors and interviewees
 Selecting music appropriate to the programme the audience and the station
 Producing preproduction briefings for presenters reporters technical staff and other contributors
 Managing the logistics of getting people resources and equipment together to the right place at the right time
 undertaking editing interviewing and reporting duties as necessary
 Presenting programmes or managing presenters for both prerecorded and recorded output
 Checking that copyrights are cleared and understanding media law
 Using editing and mixing softwares like Sonic Foundry Vegas Sonic Foundry Sound Forge
Acid and Midi
company  Rave Magazine
description  Rave Magazine was the definitive voice of music emerging from the Indian subcontinent and the lifestyle
that surrounds it Through exclusive reporting a unique sensibility and with an editorial team with over 20
years of experience in publishing RAVE Magazine covers every genre of music emerging from the region and provides new perspectives on International music

Responsibilities
 Maintain production schedules and report on the progress
 Overview the staff manage and supervise photographers and freelance writers and generally
provide administrative support for the editor
 Participated in production meetings and brain storming sessions to decide on the direction future
trends and contents of the publication
company  Xs Events
description  Xs Events is an event management company primarily dealing with corporate clients who used different
events to increase an audiences exposure with a brand

Responsibilities
 Development production and delivery of projects from proposal right up to delivery
 Delivering events on time within budget
 Maintaining timelines and priorities on every project
 Managing supplier relationships
    Managing operational and administrative         functions to ensure specific projects are delivered
efficiently
company  Banyan Tree Communications
description  Responsibilities
 Sourcing potential contributors and interviewees
 Selecting music appropriate to the programme the audience and the station
 undertaking editing interviewing and reporting duties as necessary
 Checking that copyrights are cleared and understanding media law
company  French Embassy
description  on a part time basis
company  British Council
description  Mumbai
Advice students on various academic opportunities in the United Kingdom and assisted with various
exhibitions by the British Council"
126,Arts,"Education Details 
January 2017    Rachana Sansad School of Interior Deign
January 2013    Holy Family High School
 Master of Commerce Marketing Mumbai Maharashtra University of Mumbai
Drawing  Arts  Craft Teacher 

Drawing  Arts  Craft Teacher  Ghatkopar YMCA
Skill Details 
Company Details 
company  Ghatkopar YMCA
description  for 3 Years
 Worked in Jungle Cubs Gym as a Coordinator for 1 Year"
127,Arts,"Education Details 
August 2018 to January 2021 Entermediate Maths Mumbai Maharashtra Sunbeam academy  samne ghat  varanasi
Martial arts fitness job 


Skill Details 
Company Details 
company  Sports Authority
description  I am 2nd dan black belt in karate martial arts
I am in a searching of personal trainer job for fitness
I won 3 gold medals in national karate championship
I won 7 gold medals in state karate championship
3 times best player of the year of uttar pradesh award 
Represented india and Selected for world karate championship held at Croatia  Europe
"
128,Arts,"I Other Skills CourseSkill Name Board Year Of Passing Grade Intermediate Grade Drawing Art Examination Committee 2011 B Examination Maharashtra State I Academic Programme Detail National Service Scheme Camp  Sponsored By Government of India Ministry Of Youth Affairs And Sports New Delhi  North Maharashtra University Jalgaon I Strengths  Ability to Learn From Mistakes  Honesty  Ready to accept challenges and responsibilities  Quick learning adaptability confidence I Declaration I 201 Your faithfully Pia     Jetalal Hiralal GorbanjaraEducation Details 
May 2010 HSC  Nashik Maharashtra State Board
June 2008 SSC  Nashik Maharashtra State Board
AsstProfessor 

AsstProfessor
Skill Details 
Company Details 
company  Kisan Arts
description   Total Work Experience  In Months
Sr       Name of Organization  College        Designation              Working Period          Total Experience
No		 In Months
From            To
1        Kisan Arts Commerce  Science        AsstProfessor      20072015    31052016        10 Months
Sr College Parola Dist Jalgaon Political Sci
Maharashtra
company  Bahadarpur Tai Parola Dist
description  "
129,Arts," Good communication skill  Quick learner  Keen to find solutionsEducation Details 
 MBA Marketing and International Business Management Pune Maharashtra Pune University
 BTech Tech Nagpur Maharashtra RTM Nagpur University
GM Arts Commerce  Science 

GM Arts Commerce  Science
Skill Details 
Company Details 
company  Samarth College
description  of Engineering        30          7        210 
5      College to campus             VJ College of Pharmacy         10 days workshop       10

GM Arts Commerce  Science 6          Soft Skills                                               6 days workshop           6
College

Personality             GM Institute of Agricultural 7		6 days workshop           6
Development                        Diploma 
8          Soft Skills           Samarth College of Polytechnic     20 days workshop       20

TOTAL                                              350
WORKING EXPERIENCE IN CORPORATE
Sr No               Topic                      Company                  No of days    Total Hrs 
1       Presentation skill  Team    Elringklinger Automotives Pvt 1 Day           8 building Workshop             Ltd Ranjangaon Pune 
2           Negotiation skill  Kubler Automation Pvt Ltd 2 days          16
Communication skill               Chakan Pune 
3       Business Communication       Finanza Home Loans Pimple 3 days          21  Stress management               saudagar Pune 
4        Teambuilding  Verbal       Sharvari Products Pvt Ltd 2 days          16 communication                   Junner Pune 7 days 5             Entrepreneurship       Agriculture Research Centre
Workshop        168
Development               Narayangaon Pune 8 batches
TOTAL                                             229

ADJOINING SKILLS  Working knowledge of Windows operating system and MS Office  Communicate well in English Hindi  Marathi
 Organized and participated in events like gathering teachers day fashion show and various science exhibitions at college"
130,Arts," Operating Systems Windows XP  Vista  07Education Details 
January 2018 MFA painting Nagpur Maharashtra Nagpur University
January 2016 BFA Painting Nagpur Maharashtra Nagpur University
January 2012 Diploma Art  Maharashtra State Board
January 2010 HSC   Maharashtra State Board
January 2008 SSC   Maharashtra State Board
Fine arts lecturer 


Skill Details 
MsCit Exprience  96 monthsCompany Details 
company  Shubhankan Fine Arts College indore
description   Im doing a job as a Lecturer in Shubhankan Fine Arts College Indore from Nov 2018
 Im an Artist completed ATD BFA and MFA in painting 
 Im searching for a job in my faculty in my area and comfort place To improve my knowledge and experience in this field
company  
description  I have a experience of classes of painting rangoli drawing summer classes etc

Health Physical Disability  Orthopedically"
131,Arts,"Additional qualifications April 2000 Web Designing Course with above average computer skillsEducation Details 
January 2000 to January 2001 Bachelor of Arts Sociology Mumbai Maharashtra The Mumbai University
January 1998 to January 2000 Bachelor of Arts Sociology  Sophia College
January 1997 to January 1998 HSC   Sophia College
January 1995 to January 1996 SSC   St Teresas Convent High School
Head business development arts 

Head business development arts
Skill Details 
Company Details 
company  British Council
description  Responsibilities
 Strategic oversight responsibility for programmes in the performing arts music theatre and dance and other cultural sectors
 lead on the conception and oversight of specific largescale programmes within the overall Arts
programme
 Represent the British Council at external events in India and act as deputy to the Director Arts when required
 Oversee and manage resources to deliver compelling communications for applicants that convey
British Councils grants like Charles Wallace India trust Young Creative Entrepreneurs and
Chevening Clore scholarship programs on time and with excellence
 Shortlisting and Interviewing potential applicants for existing relevant grants or fellowships
 Oversee a diverse range of proposals progress reports and related projects
 Ensuring effective and timely identification and communication of program progress
 Lead a team of six project managers across the country and manage the performance of the team
responsible for executing arts projects with partnerships built into their work expertise within their
geographic region to ensure arts insight and knowledge is available as and when required
 Managing relations with existing partners and developing relationships with targeted new partners and key government officials and ensuring that market insight into business development
opportunities is built into the planning of new programmes
 Primary strategic responsibility for the marketing of the Arts program in India to ensure that the program builds a reputation that will be attractive to potential partners in partnership with the
Marketing and Communications team
company  British Council
description  is a cultural relations organization creating international opportunities for the people of the UK and other countries by building trust between them worldwide They have offices in six continents and over 100 countries bringing international opportunity to life every day Each year they work with millions of people connecting them with the United Kingdom sharing their cultures and the UKs most attractive
assets English the Arts and Education They have 80 years experience of doing this
company  British Council
description  Responsibilities
 Leading the strategic development of British Councils work in the music sector in India Sri Lanka
region and building and maintaining strong international partnerships across sectors in India Sri
Lanka and the UK
 Developing strong external partnerships that lead to significant external investment in BC activities and enabling the delivery of an ambitious programme of music sector activities and events thus
strengthening cultural relationships between India Sri Lanka and the UK
    Leading the implementation of the music programme within India and Sri Lanka along with detailed
project plans in liaison with colleagues from India Sri Lanka and the UK
    Proactive management of budgets and timelines for all projects
    Ensuring systematic evaluation of projects including developing effective systems and processes for capturing both quantitative and qualitative information about effectiveness of projects and longer
term impact
    Management of a team across India and Sri Lanka contributing to recruitment and development
mentoring of staff
company  British Council
description  Responsibilities
 Planning and organizing logistics related to events buildings performersartists and other
personnel
 Marketing a performance or event through social media direct mail advertising use of a website
producing posters or publicity leaflets and attracting media coverage
 Planning and managing budgets
 Programming and booking performances and events including arrangements for tours in India
 Development of new projects and initiatives in consultation with arts professionals and key
stakeholders eg local authorities local government and communities venue directors and regional partners
 Taking responsibility for operational and office management issues such as venue accessibility
health and safety issues
 Implementing and maintaining office and information systems
 Providing administration support to managers and the director
 Ensuring corporate and legal requirements are complied with and reporting to the head of the unit
company  British Council
description  Responsibilities
 Developing of new specific new projects and initiatives in the music film and visual art sector in consultation with the Council and key stakeholders
 Planning and managing budgets
 Supporting the marketing a performance or event through social media direct mail advertising use of a website producing posters or publicity leaflets and attracting media coverage
 Programming the outreach and workshops for the respective programmes
company  AirCheck India
description  The company intended to launch stations in both these metros on August 29 2001
For its Mumbai FM station WIN had the basic infrastructure that includes a studio and production facilities
The transmission tower for the station is located in central Mumbai

Responsibilities
 Generating and researching ideas for programmes and pitching for commissions
 Sourcing potential contributors and interviewees
 Selecting music appropriate to the programme the audience and the station
 Producing preproduction briefings for presenters reporters technical staff and other contributors
 Managing the logistics of getting people resources and equipment together to the right place at the right time
 undertaking editing interviewing and reporting duties as necessary
 Presenting programmes or managing presenters for both prerecorded and recorded output
 Checking that copyrights are cleared and understanding media law
 Using editing and mixing softwares like Sonic Foundry Vegas Sonic Foundry Sound Forge
Acid and Midi
company  Rave Magazine
description  Rave Magazine was the definitive voice of music emerging from the Indian subcontinent and the lifestyle
that surrounds it Through exclusive reporting a unique sensibility and with an editorial team with over 20
years of experience in publishing RAVE Magazine covers every genre of music emerging from the region and provides new perspectives on International music

Responsibilities
 Maintain production schedules and report on the progress
 Overview the staff manage and supervise photographers and freelance writers and generally
provide administrative support for the editor
 Participated in production meetings and brain storming sessions to decide on the direction future
trends and contents of the publication
company  Xs Events
description  Xs Events is an event management company primarily dealing with corporate clients who used different
events to increase an audiences exposure with a brand

Responsibilities
 Development production and delivery of projects from proposal right up to delivery
 Delivering events on time within budget
 Maintaining timelines and priorities on every project
 Managing supplier relationships
    Managing operational and administrative         functions to ensure specific projects are delivered
efficiently
company  Banyan Tree Communications
description  Responsibilities
 Sourcing potential contributors and interviewees
 Selecting music appropriate to the programme the audience and the station
 undertaking editing interviewing and reporting duties as necessary
 Checking that copyrights are cleared and understanding media law
company  French Embassy
description  on a part time basis
company  British Council
description  Mumbai
Advice students on various academic opportunities in the United Kingdom and assisted with various
exhibitions by the British Council"
132,Arts,"Education Details 
January 2017    Rachana Sansad School of Interior Deign
January 2013    Holy Family High School
 Master of Commerce Marketing Mumbai Maharashtra University of Mumbai
Drawing  Arts  Craft Teacher 

Drawing  Arts  Craft Teacher  Ghatkopar YMCA
Skill Details 
Company Details 
company  Ghatkopar YMCA
description  for 3 Years
 Worked in Jungle Cubs Gym as a Coordinator for 1 Year"
133,Arts,"Education Details 
August 2018 to January 2021 Entermediate Maths Mumbai Maharashtra Sunbeam academy  samne ghat  varanasi
Martial arts fitness job 


Skill Details 
Company Details 
company  Sports Authority
description  I am 2nd dan black belt in karate martial arts
I am in a searching of personal trainer job for fitness
I won 3 gold medals in national karate championship
I won 7 gold medals in state karate championship
3 times best player of the year of uttar pradesh award 
Represented india and Selected for world karate championship held at Croatia  Europe
"
134,Arts,"I Other Skills CourseSkill Name Board Year Of Passing Grade Intermediate Grade Drawing Art Examination Committee 2011 B Examination Maharashtra State I Academic Programme Detail National Service Scheme Camp  Sponsored By Government of India Ministry Of Youth Affairs And Sports New Delhi  North Maharashtra University Jalgaon I Strengths  Ability to Learn From Mistakes  Honesty  Ready to accept challenges and responsibilities  Quick learning adaptability confidence I Declaration I 201 Your faithfully Pia     Jetalal Hiralal GorbanjaraEducation Details 
May 2010 HSC  Nashik Maharashtra State Board
June 2008 SSC  Nashik Maharashtra State Board
AsstProfessor 

AsstProfessor
Skill Details 
Company Details 
company  Kisan Arts
description   Total Work Experience  In Months
Sr       Name of Organization  College        Designation              Working Period          Total Experience
No		 In Months
From            To
1        Kisan Arts Commerce  Science        AsstProfessor      20072015    31052016        10 Months
Sr College Parola Dist Jalgaon Political Sci
Maharashtra
company  Bahadarpur Tai Parola Dist
description  "
135,Arts," Good communication skill  Quick learner  Keen to find solutionsEducation Details 
 MBA Marketing and International Business Management Pune Maharashtra Pune University
 BTech Tech Nagpur Maharashtra RTM Nagpur University
GM Arts Commerce  Science 

GM Arts Commerce  Science
Skill Details 
Company Details 
company  Samarth College
description  of Engineering        30          7        210 
5      College to campus             VJ College of Pharmacy         10 days workshop       10

GM Arts Commerce  Science 6          Soft Skills                                               6 days workshop           6
College

Personality             GM Institute of Agricultural 7		6 days workshop           6
Development                        Diploma 
8          Soft Skills           Samarth College of Polytechnic     20 days workshop       20

TOTAL                                              350
WORKING EXPERIENCE IN CORPORATE
Sr No               Topic                      Company                  No of days    Total Hrs 
1       Presentation skill  Team    Elringklinger Automotives Pvt 1 Day           8 building Workshop             Ltd Ranjangaon Pune 
2           Negotiation skill  Kubler Automation Pvt Ltd 2 days          16
Communication skill               Chakan Pune 
3       Business Communication       Finanza Home Loans Pimple 3 days          21  Stress management               saudagar Pune 
4        Teambuilding  Verbal       Sharvari Products Pvt Ltd 2 days          16 communication                   Junner Pune 7 days 5             Entrepreneurship       Agriculture Research Centre
Workshop        168
Development               Narayangaon Pune 8 batches
TOTAL                                             229

ADJOINING SKILLS  Working knowledge of Windows operating system and MS Office  Communicate well in English Hindi  Marathi
 Organized and participated in events like gathering teachers day fashion show and various science exhibitions at college"
136,Arts," Operating Systems Windows XP  Vista  07Education Details 
January 2018 MFA painting Nagpur Maharashtra Nagpur University
January 2016 BFA Painting Nagpur Maharashtra Nagpur University
January 2012 Diploma Art  Maharashtra State Board
January 2010 HSC   Maharashtra State Board
January 2008 SSC   Maharashtra State Board
Fine arts lecturer 


Skill Details 
MsCit Exprience  96 monthsCompany Details 
company  Shubhankan Fine Arts College indore
description   Im doing a job as a Lecturer in Shubhankan Fine Arts College Indore from Nov 2018
 Im an Artist completed ATD BFA and MFA in painting 
 Im searching for a job in my faculty in my area and comfort place To improve my knowledge and experience in this field
company  
description  I have a experience of classes of painting rangoli drawing summer classes etc

Health Physical Disability  Orthopedically"
137,Arts,"Additional qualifications April 2000 Web Designing Course with above average computer skillsEducation Details 
January 2000 to January 2001 Bachelor of Arts Sociology Mumbai Maharashtra The Mumbai University
January 1998 to January 2000 Bachelor of Arts Sociology  Sophia College
January 1997 to January 1998 HSC   Sophia College
January 1995 to January 1996 SSC   St Teresas Convent High School
Head business development arts 

Head business development arts
Skill Details 
Company Details 
company  British Council
description  Responsibilities
 Strategic oversight responsibility for programmes in the performing arts music theatre and dance and other cultural sectors
 lead on the conception and oversight of specific largescale programmes within the overall Arts
programme
 Represent the British Council at external events in India and act as deputy to the Director Arts when required
 Oversee and manage resources to deliver compelling communications for applicants that convey
British Councils grants like Charles Wallace India trust Young Creative Entrepreneurs and
Chevening Clore scholarship programs on time and with excellence
 Shortlisting and Interviewing potential applicants for existing relevant grants or fellowships
 Oversee a diverse range of proposals progress reports and related projects
 Ensuring effective and timely identification and communication of program progress
 Lead a team of six project managers across the country and manage the performance of the team
responsible for executing arts projects with partnerships built into their work expertise within their
geographic region to ensure arts insight and knowledge is available as and when required
 Managing relations with existing partners and developing relationships with targeted new partners and key government officials and ensuring that market insight into business development
opportunities is built into the planning of new programmes
 Primary strategic responsibility for the marketing of the Arts program in India to ensure that the program builds a reputation that will be attractive to potential partners in partnership with the
Marketing and Communications team
company  British Council
description  is a cultural relations organization creating international opportunities for the people of the UK and other countries by building trust between them worldwide They have offices in six continents and over 100 countries bringing international opportunity to life every day Each year they work with millions of people connecting them with the United Kingdom sharing their cultures and the UKs most attractive
assets English the Arts and Education They have 80 years experience of doing this
company  British Council
description  Responsibilities
 Leading the strategic development of British Councils work in the music sector in India Sri Lanka
region and building and maintaining strong international partnerships across sectors in India Sri
Lanka and the UK
 Developing strong external partnerships that lead to significant external investment in BC activities and enabling the delivery of an ambitious programme of music sector activities and events thus
strengthening cultural relationships between India Sri Lanka and the UK
    Leading the implementation of the music programme within India and Sri Lanka along with detailed
project plans in liaison with colleagues from India Sri Lanka and the UK
    Proactive management of budgets and timelines for all projects
    Ensuring systematic evaluation of projects including developing effective systems and processes for capturing both quantitative and qualitative information about effectiveness of projects and longer
term impact
    Management of a team across India and Sri Lanka contributing to recruitment and development
mentoring of staff
company  British Council
description  Responsibilities
 Planning and organizing logistics related to events buildings performersartists and other
personnel
 Marketing a performance or event through social media direct mail advertising use of a website
producing posters or publicity leaflets and attracting media coverage
 Planning and managing budgets
 Programming and booking performances and events including arrangements for tours in India
 Development of new projects and initiatives in consultation with arts professionals and key
stakeholders eg local authorities local government and communities venue directors and regional partners
 Taking responsibility for operational and office management issues such as venue accessibility
health and safety issues
 Implementing and maintaining office and information systems
 Providing administration support to managers and the director
 Ensuring corporate and legal requirements are complied with and reporting to the head of the unit
company  British Council
description  Responsibilities
 Developing of new specific new projects and initiatives in the music film and visual art sector in consultation with the Council and key stakeholders
 Planning and managing budgets
 Supporting the marketing a performance or event through social media direct mail advertising use of a website producing posters or publicity leaflets and attracting media coverage
 Programming the outreach and workshops for the respective programmes
company  AirCheck India
description  The company intended to launch stations in both these metros on August 29 2001
For its Mumbai FM station WIN had the basic infrastructure that includes a studio and production facilities
The transmission tower for the station is located in central Mumbai

Responsibilities
 Generating and researching ideas for programmes and pitching for commissions
 Sourcing potential contributors and interviewees
 Selecting music appropriate to the programme the audience and the station
 Producing preproduction briefings for presenters reporters technical staff and other contributors
 Managing the logistics of getting people resources and equipment together to the right place at the right time
 undertaking editing interviewing and reporting duties as necessary
 Presenting programmes or managing presenters for both prerecorded and recorded output
 Checking that copyrights are cleared and understanding media law
 Using editing and mixing softwares like Sonic Foundry Vegas Sonic Foundry Sound Forge
Acid and Midi
company  Rave Magazine
description  Rave Magazine was the definitive voice of music emerging from the Indian subcontinent and the lifestyle
that surrounds it Through exclusive reporting a unique sensibility and with an editorial team with over 20
years of experience in publishing RAVE Magazine covers every genre of music emerging from the region and provides new perspectives on International music

Responsibilities
 Maintain production schedules and report on the progress
 Overview the staff manage and supervise photographers and freelance writers and generally
provide administrative support for the editor
 Participated in production meetings and brain storming sessions to decide on the direction future
trends and contents of the publication
company  Xs Events
description  Xs Events is an event management company primarily dealing with corporate clients who used different
events to increase an audiences exposure with a brand

Responsibilities
 Development production and delivery of projects from proposal right up to delivery
 Delivering events on time within budget
 Maintaining timelines and priorities on every project
 Managing supplier relationships
    Managing operational and administrative         functions to ensure specific projects are delivered
efficiently
company  Banyan Tree Communications
description  Responsibilities
 Sourcing potential contributors and interviewees
 Selecting music appropriate to the programme the audience and the station
 undertaking editing interviewing and reporting duties as necessary
 Checking that copyrights are cleared and understanding media law
company  French Embassy
description  on a part time basis
company  British Council
description  Mumbai
Advice students on various academic opportunities in the United Kingdom and assisted with various
exhibitions by the British Council"
138,Arts,"Education Details 
January 2017    Rachana Sansad School of Interior Deign
January 2013    Holy Family High School
 Master of Commerce Marketing Mumbai Maharashtra University of Mumbai
Drawing  Arts  Craft Teacher 

Drawing  Arts  Craft Teacher  Ghatkopar YMCA
Skill Details 
Company Details 
company  Ghatkopar YMCA
description  for 3 Years
 Worked in Jungle Cubs Gym as a Coordinator for 1 Year"
139,Arts,"Education Details 
August 2018 to January 2021 Entermediate Maths Mumbai Maharashtra Sunbeam academy  samne ghat  varanasi
Martial arts fitness job 


Skill Details 
Company Details 
company  Sports Authority
description  I am 2nd dan black belt in karate martial arts
I am in a searching of personal trainer job for fitness
I won 3 gold medals in national karate championship
I won 7 gold medals in state karate championship
3 times best player of the year of uttar pradesh award 
Represented india and Selected for world karate championship held at Croatia  Europe
"
140,Arts,"I Other Skills CourseSkill Name Board Year Of Passing Grade Intermediate Grade Drawing Art Examination Committee 2011 B Examination Maharashtra State I Academic Programme Detail National Service Scheme Camp  Sponsored By Government of India Ministry Of Youth Affairs And Sports New Delhi  North Maharashtra University Jalgaon I Strengths  Ability to Learn From Mistakes  Honesty  Ready to accept challenges and responsibilities  Quick learning adaptability confidence I Declaration I 201 Your faithfully Pia     Jetalal Hiralal GorbanjaraEducation Details 
May 2010 HSC  Nashik Maharashtra State Board
June 2008 SSC  Nashik Maharashtra State Board
AsstProfessor 

AsstProfessor
Skill Details 
Company Details 
company  Kisan Arts
description   Total Work Experience  In Months
Sr       Name of Organization  College        Designation              Working Period          Total Experience
No		 In Months
From            To
1        Kisan Arts Commerce  Science        AsstProfessor      20072015    31052016        10 Months
Sr College Parola Dist Jalgaon Political Sci
Maharashtra
company  Bahadarpur Tai Parola Dist
description  "
141,Web Designing,"Technical Skills Web Technologies Angular JS HTML5 CSS3 SASS Bootstrap Jquery Javascript Software Brackets Visual Studio Photoshop Visual Studio Code Education Details 
January 2015 BE CSE Nagpur Maharashtra GHRaisoni College of Engineering
October 2009  Photography Competition Click Nagpur Maharashtra Maharashtra State Board
    College Magazine OCEAN
Web Designer 

Web Designer  Trust Systems and Software
Skill Details 
PHOTOSHOP Exprience  28 months
BOOTSTRAP Exprience  6 months
HTML5 Exprience  6 months
JAVASCRIPT Exprience  6 months
CSS3 Exprience  Less than 1 year months
Angular 4 Exprience  Less than 1 year monthsCompany Details 
company  Trust Systems and Software
description  Projects worked on
1 TrustBankCBS
Project Description TrustBankCBS is a core banking solution by Trust Systems
Roles and Responsibility
 Renovated complete UI to make it more modern userfriendly maintainable and optimised for bank use
 Shared the UI structure and guidelines to be incorporated with development team of around 50
members
 Achieved the target of project completion in given time frame
 Made required graphics for the project in photoshop

2 Loan Bazar Loan Appraisal
Project Description Loan Bazar is a MVCbased application dedicated to creating and managing
loan applications The goal of this application is to streamline the process of loan application and integrate with existing CBS
Roles and Responsibility
 Designed and developed modern and responsive UI of entire application and achieved the target in given time frame
 Made required graphics for the project in photoshop
3 Capital Security Bond Application
Project Description Capital Security Bond Application is a MVC based application which provided an online platform to purchase gold bond
Roles and Responsibility
 Designed and developed modern and responsive UI of entire application and achieved the target in given time frame
 Made required graphics for the project in photoshop

4 SoftGST
Project Description SoftGST Web Based Application is an ASP application to every tax
payers and its vendors for generating the GSTR returns on the basis of sales  purchase
data additionally the application can do the reconciliation of GSTR 2 A with purchase register
Roles and Responsibility
 Designed and developed the UI of Dashboard

5 Trust Analytica
Project Description Trust Analytika is the mobile web app that shows bank asset liability
income expenses
Roles and Responsibility
 Designed and developed the landing page of the application
 Supported the developers in UI implementation

6 Websites
Project Name
1 TSR Technology Services  httptsrtechnologyservicescom
2 Vidarbha Merchants Urban CoOp Bank  httpvmcbankcom
3 GISSS  httpgissscoin
4 Softtrust USA  httpsofttrustusacom
Roles and Responsibility
 Communicated with clients to understand their requirement
 Made mocks for the website
 Designed and developed complete website and hosted them in stipulated time
company  wwwjalloshbandcom
description  Project Name
1 Jallosh Band  wwwjalloshbandcom
2 An Endeavor Foundation
Roles and Responsibility
 Communicated with clients to understand their requirement
 Made mocks for the website
 Designed and developed complete website and hosted them in stipulated time
company  10MagicalFingers
description  National and international client interaction
 Management of digital data"
142,Web Designing,"Education Details 
 BCA Bachelor Computer Application Pune Maharashtra Pune University
 HSC  Pune Maharashtra Pune University
 SSC  Pune Maharashtra Pune University
Web Designing and Developer 

php Developer  Exposys Pvt Ltd
Skill Details 
Company Details 
company  Exposys Pvt Ltd
description  Technical Skills
Web Development HTML5 CSS3 Bootstrap PHP Ajax Jquery JavaScript
Database MySQL
Development Tools Notepad Sublime Text2
Framework Codeigniter
Server Apache tomcat Xampp Control Panel
Operating Systems Windows
company  Exposys Pvt Ltd
description  Pune	Augest 2017 to till date

Project Details
ProjectI Pragat Bharat System
Technologies Used HTML CSS BOOTSTRAP PHP JQUERY AJAX
Database Used My SQL
Team size 1
Position Software Developer
Synopsis This project aim is specially design for people It is used to collect information to diifernt sector

ProjectII Go Ayur System
Technologies Used HTML CSS BOOTSTRAP PHP JQUERY AJAX
Database Used My SQL
Team size 2
Position Software Developer
Synopsis Go Ayurveda Panchakarma center is one of most traditionally well established professional and innovative providers of Classical
Ayurvedic Health services and Kerala Panchakarma therapies

ProjectIII Vitsanindia System
Technologies Used HTML CSS BOOTSTRAP PHP JQUERY AJAX JAVA SCRIPT
Database Used My SQL
Team size 2
Position Software Developer
Synopsis Online Shooping through app This app is user friendly because there is a option for change language User can to find different categories products as there choice

ProjectIV MahabaleshwarTours
Technologies Used HTML CSS BOOTSTRAP PHP JQUERY AJAX JAVA SCRIPT
Database Used My SQL
Team size 1
Position Software Developer
Synopsis In this system is to provide Online Registration Tour Package Information Ticket Booking Online Payment and Searching Facility for Customer and also Generate Different types of Report

ProjectV Cityspaceindia
Technologies Used HTML CSS BOOTSTRAP PHP JQUERY AJAX JAVA SCRIPT
Database Used My SQL
Team size 1
Position Software Developer
Synopsis Service provider website we provide different categories

ProjectVI Fruitsbuddy
Technologies Used HTML CSS BOOTSTRAP PHP JQUERY AJAX JAVA SCRIPT
Database Used My SQL
Team size 1
Position Software Developer
Synopsis Fruitbuddy is to manage the details of fruits Customer Order Transaction Payment It manages all the information about fruits Stocks Payment The project is totally built at administrative end and thus only the administrator is guaranteed the access The purpose of the project is to build an application program to reduce the manual work for managing the fruits Customer Stocks Order

ProjectVII Totalcitee
Technologies Used HTML CSS BOOTSTRAP PHP JQUERY AJAX JAVA SCRIPT
Database Used My SQL
Team size 1
Position Software Developer
Synopsis Real Estate web application has been created for helping you to sell properties through web based user interface Visitors on your website can view particular desired products using search engine facility

ProjectVIII Golchha
Technologies Used HTML CSS BOOTSTRAP PHP JQUERY AJAX JAVA SCRIPT
Database Used My SQL
Team size 1
Position Software Developer
Synopsis Service provider website we provide different categories"
143,Web Designing,"Technical Skills Web Technologies Angular JS HTML5 CSS3 SASS Bootstrap Jquery Javascript Software Brackets Visual Studio Photoshop Visual Studio Code Education Details 
January 2015 BE CSE Nagpur Maharashtra GHRaisoni College of Engineering
October 2009  Photography Competition Click Nagpur Maharashtra Maharashtra State Board
    College Magazine OCEAN
Web Designer 

Web Designer  Trust Systems and Software
Skill Details 
PHOTOSHOP Exprience  28 months
BOOTSTRAP Exprience  6 months
HTML5 Exprience  6 months
JAVASCRIPT Exprience  6 months
CSS3 Exprience  Less than 1 year months
Angular 4 Exprience  Less than 1 year monthsCompany Details 
company  Trust Systems and Software
description  Projects worked on
1 TrustBankCBS
Project Description TrustBankCBS is a core banking solution by Trust Systems
Roles and Responsibility
 Renovated complete UI to make it more modern userfriendly maintainable and optimised for bank use
 Shared the UI structure and guidelines to be incorporated with development team of around 50
members
 Achieved the target of project completion in given time frame
 Made required graphics for the project in photoshop

2 Loan Bazar Loan Appraisal
Project Description Loan Bazar is a MVCbased application dedicated to creating and managing
loan applications The goal of this application is to streamline the process of loan application and integrate with existing CBS
Roles and Responsibility
 Designed and developed modern and responsive UI of entire application and achieved the target in given time frame
 Made required graphics for the project in photoshop
3 Capital Security Bond Application
Project Description Capital Security Bond Application is a MVC based application which provided an online platform to purchase gold bond
Roles and Responsibility
 Designed and developed modern and responsive UI of entire application and achieved the target in given time frame
 Made required graphics for the project in photoshop

4 SoftGST
Project Description SoftGST Web Based Application is an ASP application to every tax
payers and its vendors for generating the GSTR returns on the basis of sales  purchase
data additionally the application can do the reconciliation of GSTR 2 A with purchase register
Roles and Responsibility
 Designed and developed the UI of Dashboard

5 Trust Analytica
Project Description Trust Analytika is the mobile web app that shows bank asset liability
income expenses
Roles and Responsibility
 Designed and developed the landing page of the application
 Supported the developers in UI implementation

6 Websites
Project Name
1 TSR Technology Services  httptsrtechnologyservicescom
2 Vidarbha Merchants Urban CoOp Bank  httpvmcbankcom
3 GISSS  httpgissscoin
4 Softtrust USA  httpsofttrustusacom
Roles and Responsibility
 Communicated with clients to understand their requirement
 Made mocks for the website
 Designed and developed complete website and hosted them in stipulated time
company  wwwjalloshbandcom
description  Project Name
1 Jallosh Band  wwwjalloshbandcom
2 An Endeavor Foundation
Roles and Responsibility
 Communicated with clients to understand their requirement
 Made mocks for the website
 Designed and developed complete website and hosted them in stipulated time
company  10MagicalFingers
description  National and international client interaction
 Management of digital data"
144,Web Designing,"Education Details 
January 2016 BSc Information Technology Mumbai Maharashtra University of Mumbai
January 2012 HSC  Allahabad Uttar Pradesh Allahabad university
January 2010 SSC dot Net Allahabad Uttar Pradesh Allahabad university
Web designer and Developer Trainer 

Web designer and Developer
Skill Details 
Web design Exprience  12 months
Php Exprience  12 monthsCompany Details 
company  NetTech India
description  Working  salary  12k
PERSONAL INTEREST

Listening to Music Surfing net Watching Movie Playing Cricket
company  EPI Center Academy
description  Working   Salary Contract based
company  Aptech Charni Road
description  Salary Contract based"
145,Web Designing,"IT SKILLS Languages C Basic JAVA Basic Web Technologies HTML5 CSS3 Bootstrap JavaScript jQuery Corel Draw Photoshop Illustrator Databases MySQL50 IDE  Tools Sublime Text Notepad Operating Systems Windows XP Windows 7Education Details 
September 2015 Bachelor of Engineer Information technology Nagpur Maharashtra Nagpur University
May 2011 HSC Secondary  Higher Secondary  State Board of Secondary
June 2009 SSC Secondary  Higher Secondary  Maharashtra State Board of Secondary
Web and Graphics Designer 

Web and Graphics Designer  Virtuous Media Point Pune
Skill Details 
BOOTSTRAP Exprience  24 months
HTML5 Exprience  24 months
JAVASCRIPT Exprience  24 months
jQuery Exprience  24 months
COREL DRAW Exprience  24 months
Adobe Photoshop Exprience  24 months
Adobe Illustrator Exprience  12 months
CSS3 Exprience  24 monthsCompany Details 
company  Virtuous Media Point
description  
company  CNC Web World
description  Internship Program At esense IT Solution pvtltd Nagpur as a Web Designing and Developement
 Presented in Project Competition in Innovesta 15 of Priyadarshini Indira Gandhi College of Engineering Nagpur
 Presented in National Level Paper Presentation in TECHWAVE 2015 of SRMCE Nagpur
company  esense IT Solution pvtltd
description  Key Result Areas
 Designed websites solutions by studying information needs conferring with users and studying systems flow data usage and work processes
 Understood process requirements and provided use cases for business functional  technical requirements
 Interacted with users for requirement gathering prepared functional specifications and lowlevel design documents
 Participated in the Software Development Life cycle SDLC and Agile methodology right from requirement analysis
 Performed detailed design of modules along with their implementation and documentation integrated software modules
Developed by other team members

Highlights
 Developed various modules as per customer requirement and identified and fixed number of bugs related to code Database connectivity UI Defects and so on
 Analyzed and modified existing codes to incorporate a number of changes in the application  user requirements wrote new codes as required
 Coded implemented and integrated complex programs using technologies such as HTML5 CSS3 JavaScript jQuery bootstrap
 Having good command on Graphics designing with effective ideas

PROJECTS

 wwwnitkacom Nagpur united corporation admin Mintmetrixcom Tagline videos admin Smartbadge admin 
In all projects I have used technologies like HTML5 CSS3 Bootstrap JavaScript jQuery and text editor as sublime text

 wwwshreekiaspackcoin www3staragroproductscom wwwluckystationerycoin  used technologies like HTML5 CSS3
Bootstrap javascript and text editor as notepad

 Design various Logos Brochures Advertising Banners Visiting Cards Pamphlet Hoardings etc

BE FINAL YEAR PROJECT

 Major Project 

Title WEB BASED DISEASE DIAGNOSIS EXPERT SYSTEM
Duration 1 Year

Description In this project we provide a website in which doctor gives online consultation for particular disease System gives better suggestions for any health problems

 Mini Project Development

 SHOPPING MANAGEMENT SYSTEM Developed in C

CURRICULUM  EXTRA CURRICULUM  ACTIVITIES
company  FACEIT
description  Coordinator in project competition"
146,Web Designing,"Technical Skills Web Technologies Angular JS HTML5 CSS3 SASS Bootstrap Jquery Javascript Software Brackets Visual Studio Photoshop Visual Studio Code Education Details 
January 2015 BE CSE Nagpur Maharashtra GHRaisoni College of Engineering
October 2009  Photography Competition Click Nagpur Maharashtra Maharashtra State Board
    College Magazine OCEAN
Web Designer 

Web Designer  Trust Systems and Software
Skill Details 
PHOTOSHOP Exprience  28 months
BOOTSTRAP Exprience  6 months
HTML5 Exprience  6 months
JAVASCRIPT Exprience  6 months
CSS3 Exprience  Less than 1 year months
Angular 4 Exprience  Less than 1 year monthsCompany Details 
company  Trust Systems and Software
description  Projects worked on
1 TrustBankCBS
Project Description TrustBankCBS is a core banking solution by Trust Systems
Roles and Responsibility
 Renovated complete UI to make it more modern userfriendly maintainable and optimised for bank use
 Shared the UI structure and guidelines to be incorporated with development team of around 50
members
 Achieved the target of project completion in given time frame
 Made required graphics for the project in photoshop

2 Loan Bazar Loan Appraisal
Project Description Loan Bazar is a MVCbased application dedicated to creating and managing
loan applications The goal of this application is to streamline the process of loan application and integrate with existing CBS
Roles and Responsibility
 Designed and developed modern and responsive UI of entire application and achieved the target in given time frame
 Made required graphics for the project in photoshop
3 Capital Security Bond Application
Project Description Capital Security Bond Application is a MVC based application which provided an online platform to purchase gold bond
Roles and Responsibility
 Designed and developed modern and responsive UI of entire application and achieved the target in given time frame
 Made required graphics for the project in photoshop

4 SoftGST
Project Description SoftGST Web Based Application is an ASP application to every tax
payers and its vendors for generating the GSTR returns on the basis of sales  purchase
data additionally the application can do the reconciliation of GSTR 2 A with purchase register
Roles and Responsibility
 Designed and developed the UI of Dashboard

5 Trust Analytica
Project Description Trust Analytika is the mobile web app that shows bank asset liability
income expenses
Roles and Responsibility
 Designed and developed the landing page of the application
 Supported the developers in UI implementation

6 Websites
Project Name
1 TSR Technology Services  httptsrtechnologyservicescom
2 Vidarbha Merchants Urban CoOp Bank  httpvmcbankcom
3 GISSS  httpgissscoin
4 Softtrust USA  httpsofttrustusacom
Roles and Responsibility
 Communicated with clients to understand their requirement
 Made mocks for the website
 Designed and developed complete website and hosted them in stipulated time
company  wwwjalloshbandcom
description  Project Name
1 Jallosh Band  wwwjalloshbandcom
2 An Endeavor Foundation
Roles and Responsibility
 Communicated with clients to understand their requirement
 Made mocks for the website
 Designed and developed complete website and hosted them in stipulated time
company  10MagicalFingers
description  National and international client interaction
 Management of digital data"